Date,Time,MSec,Sample,W1,W2,W3,W4,W5,W6,W7,W8,W9,W10,W11,W12,Temp,Humid,LUX,VoltsIn,Dark,OptoFreq,OptoPW,OptoCol1,OptoCol2,Error,Index
01/30/2025,11:50:56,257.93,431680,5,1,5,1,5,0,28,0,5,0,9,1,0.00,0.00,0.00,5.01,1,40,8,4095,0,0,431680
01/30/2025,11:50:56,457.93,431681,5,2,4,1,7,0,29,0,4,1,6,2,0.00,0.00,0.00,5.01,1,40,8,4095,0,0,431681
01/30/2025,11:50:56,657.93,431682,4,1,6,0,5,0,28,1,3,2,6,3,0.00,0.00,0.00,5.01,1,40,8,4095,0,0,431682
01/30/2025,11:50:56,857.93,431683,6,1,6,0,4,1,28,1,5,1,8,1,0.00,0.00,0.00,5.01,1,40,8,4095,0,0,431683
01/30/2025,11:50:57,57.93,431684,5,1,4,1,6,0,29,0,5,0,8,1,0.00,0.00,0.00,5.01,1,40,8,4095,0,0,431684
01/30/2025,11:50:57,257.93,431685,4,2,6,0,6,0,29,0,4,1,9,3,0.00,0.00,0.00,5.01,1,40,8,4095,0,0,431685
01/30/2025,11:50:57,457.93,431686,5,1,6,0,5,1,28,1,3,1,76,2,0.00,0.00,0.00,5.01,1,40,8,4095,0,0,431686
01/30/2025,11:50:57,657.93,431687,6,1,5,0,5,1,27,0,5,1,8,1,0.00,0.00,0.00,5.01,1,40,8,4095,0,0,431687
01/30/2025,11:50:57,857.93,431688,4,1,4,1,6,0,29,0,4,1,11,2,0.00,0.00,0.00,5.01,1,40,8,4095,0,0,431688
01/30/2025,11:50:58,57.93,431689,4,1,6,0,5,0,29,1,3,2,43,3,0.00,0.00,0.00,5.01,1,40,8,4095,0,0,431689
01/30/2025,11:50:58,257.93,431690,5,1,5,0,4,1,28,1,4,1,44,1,0.00,0.00,0.00,5.01,1,40,8,4095,0,0,431690
01/30/2025,11:50:58,457.93,431691,5,1,5,1,6,0,29,0,5,0,37,1,0.00,0.00,0.00,5.01,1,40,8,4095,0,0,431691
01/30/2025,11:50:58,657.93,431692,5,1,5,1,6,0,31,0,4,1,33,2,0.00,0.00,0.00,5.01,1,40,8,4095,0,0,431692
01/30/2025,11:50:58,857.93,431693,5,1,7,0,5,1,30,1,4,1,14,2,0.00,0.00,0.00,5.01,1,40,8,4095,0,0,431693
01/30/2025,11:50:59,57.93,431694,5,1,5,0,4,1,29,1,5,1,9,1,0.00,0.00,0.00,5.01,1,40,8,4095,0,0,431694
01/30/2025,11:50:59,257.93,431695,5,1,4,1,6,0,30,0,5,0,7,2,0.00,0.00,0.00,5.01,1,40,8,4095,0,0,431695
01/30/2025,11:50:59,457.93,431696,4,2,6,0,5,0,31,1,4,2,6,3,0.00,0.00,0.00,5.01,1,40,8,4095,0,0,431696
01/30/2025,11:50:59,657.93,431697,6,1,6,0,5,1,30,1,4,1,8,2,0.00,0.00,0.00,5.01,1,40,8,4095,0,0,431697
01/30/2025,11:50:59,857.93,431698,5,1,5,1,5,1,30,0,6,1,8,1,0.00,0.00,0.00,5.01,1,40,8,4095,0,0,431698
01/30/2025,11:51:00,57.93,431699,5,1,4,0,7,0,31,0,4,1,7,2,0.00,0.00,0.00,5.01,1,40,8,4095,0,0,431699
01/30/2025,11:51:00,257.93,431700,5,1,6,0,5,1,31,1,4,2,6,2,0.00,0.00,0.00,5.01,1,40,8,4095,0,0,431700
01/30/2025,11:51:00,457.93,431701,6,1,5,0,5,1,30,1,5,3,9,1,0.00,0.00,0.00,5.01,1,40,8,4095,0,0,431701
01/30/2025,11:51:00,657.93,431702,5,1,5,1,7,0,31,0,5,4,7,1,0.00,0.00,0.00,5.01,1,40,8,4095,0,0,431702
01/30/2025,11:51:00,857.93,431703,5,1,5,0,6,0,32,0,4,7,6,2,0.00,0.00,0.00,5.01,1,40,8,4095,0,0,431703
01/30/2025,11:51:01,57.93,431704,6,1,7,0,5,1,30,1,5,3,8,2,0.00,0.00,0.00,5.01,1,40,8,4095,0,0,431704
01/30/2025,11:51:01,257.93,431705,6,1,5,1,6,0,30,0,6,1,10,1,0.00,0.00,0.00,5.01,1,40,8,4095,0,0,431705
01/30/2025,11:51:01,457.93,431706,5,2,5,1,7,0,32,0,5,1,7,2,0.00,0.00,0.00,5.01,1,40,8,4095,0,0,431706
01/30/2025,11:51:01,657.93,431707,5,1,6,0,6,0,31,1,4,2,6,3,0.00,0.00,0.00,5.01,1,40,8,4095,0,0,431707
01/30/2025,11:51:01,857.93,431708,6,1,6,0,5,1,30,1,5,1,9,1,0.00,0.00,0.00,5.01,1,40,8,4095,0,0,431708
01/30/2025,11:51:02,57.93,431709,5,1,5,1,7,0,31,0,5,0,10,1,0.00,0.00,0.00,5.01,1,40,8,4095,0,0,431709
01/30/2025,11:51:02,257.93,431710,5,2,6,0,7,0,31,0,4,1,29,3,0.00,0.00,0.00,5.01,1,40,8,4095,0,0,431710
01/30/2025,11:51:02,457.93,431711,5,1,6,0,5,1,31,1,4,2,16,2,0.00,0.00,0.00,5.01,1,40,8,4095,0,0,431711
01/30/2025,11:51:02,657.93,431712,6,1,5,0,6,1,30,0,5,1,8,1,0.00,0.00,0.00,5.01,1,40,8,4095,0,0,431712
01/30/2025,11:51:02,857.93,431713,5,1,5,1,7,0,32,0,4,1,7,2,0.00,0.00,0.00,5.01,1,40,8,4095,0,0,431713
01/30/2025,11:51:03,57.93,431714,5,1,7,0,6,0,31,1,4,2,6,3,0.00,0.00,0.00,5.01,1,40,8,4095,0,0,431714
01/30/2025,11:51:03,257.93,431715,5,1,5,0,5,1,31,1,4,1,7,2,0.00,0.00,0.00,5.01,1,40,8,4095,0,0,431715
01/30/2025,11:51:03,457.93,431716,5,1,5,1,6,0,31,0,5,1,7,1,0.00,0.00,0.00,5.01,1,40,8,4095,0,0,431716
01/30/2025,11:51:03,657.93,431717,5,2,5,1,6,0,33,0,4,1,6,2,0.00,0.00,0.00,5.01,1,40,8,4095,0,0,431717
01/30/2025,11:51:03,857.93,431718,5,1,7,0,5,1,31,1,4,1,6,2,0.00,0.00,0.00,5.01,1,40,8,4095,0,0,431718
01/30/2025,11:51:04,57.93,431719,5,1,5,0,4,1,30,1,5,1,8,1,0.00,0.00,0.00,5.01,1,40,8,4095,0,0,431719
01/30/2025,11:51:04,257.93,431720,5,1,4,1,6,0,31,0,5,0,6,2,0.00,0.00,0.00,5.01,1,40,8,4095,0,0,431720
01/30/2025,11:51:04,457.93,431721,4,2,6,0,5,0,32,1,4,2,6,3,0.00,0.00,0.00,5.01,1,40,8,4095,0,0,431721
01/30/2025,11:51:04,657.93,431722,6,1,6,0,5,1,31,1,4,1,7,2,0.00,0.00,0.00,5.01,1,40,8,4095,0,0,431722
01/30/2025,11:51:04,857.93,431723,5,1,4,1,5,1,30,0,6,1,8,1,0.00,0.00,0.00,5.01,1,40,8,4095,0,0,431723
01/30/2025,11:51:05,57.93,431724,4,1,4,1,6,0,32,0,4,1,6,2,0.00,0.00,0.00,5.01,1,40,8,4095,0,0,431724
01/30/2025,11:51:05,257.93,431725,5,1,6,0,5,1,31,1,3,2,5,2,0.00,0.00,0.00,5.01,1,40,8,4095,0,0,431725
01/30/2025,11:51:05,457.93,431726,6,1,5,0,4,1,30,1,5,1,8,1,0.00,0.00,0.00,5.01,1,40,8,4095,0,0,431726
01/30/2025,11:51:05,657.93,431727,4,1,4,1,6,0,31,0,5,0,7,1,0.00,0.00,0.00,5.01,1,40,8,4095,0,0,431727
01/30/2025,11:51:05,857.93,431728,4,1,5,0,5,0,32,0,4,1,5,2,0.00,0.00,0.00,5.01,1,40,8,4095,0,0,431728
01/30/2025,11:51:06,57.93,431729,5,1,6,0,4,1,31,1,4,1,6,2,0.00,0.00,0.00,5.01,1,40,8,4095,0,0,431729
01/30/2025,11:51:06,257.93,431730,5,1,5,1,5,0,31,0,5,0,8,1,0.00,0.00,0.00,5.01,1,40,8,4095,0,0,431730
01/30/2025,11:51:06,457.93,431731,4,1,4,1,7,0,32,0,4,0,6,2,0.00,0.00,0.00,5.01,1,40,8,4095,0,0,431731
01/30/2025,11:51:06,657.93,431732,4,1,5,0,5,0,32,1,3,1,5,3,0.00,0.00,0.00,5.01,1,40,8,4095,0,0,431732
01/30/2025,11:51:06,857.93,431733,5,1,5,0,4,1,31,1,4,1,7,1,0.00,0.00,0.00,5.01,1,40,8,4095,0,0,431733
01/30/2025,11:51:07,57.93,431734,5,1,4,1,6,0,32,0,4,0,7,1,0.00,0.00,0.00,5.01,1,40,8,4095,0,0,431734
01/30/2025,11:51:07,257.93,431735,4,2,5,0,6,0,32,0,4,1,5,3,0.00,0.00,0.00,5.01,1,40,8,4095,0,0,431735
01/30/2025,11:51:07,457.93,431736,5,1,5,0,5,1,31,1,3,2,6,2,0.00,0.00,0.00,5.01,1,40,8,4095,0,0,431736
01/30/2025,11:51:07,657.93,431737,5,1,5,0,5,1,31,0,5,1,7,1,0.00,0.00,0.00,5.01,1,40,8,4095,0,0,431737
01/30/2025,11:51:07,857.93,431738,4,1,4,1,6,0,32,0,4,1,6,2,0.00,0.00,0.00,5.01,1,40,8,4095,0,0,431738
01/30/2025,11:51:08,57.93,431739,4,1,6,0,5,0,31,1,4,2,5,3,0.00,0.00,0.00,5.01,1,40,8,4095,0,0,431739
01/30/2025,11:51:08,257.93,431740,5,1,5,0,4,1,31,1,4,1,7,1,0.00,0.00,0.00,5.01,1,40,8,4095,0,0,431740
01/30/2025,11:51:08,457.93,431741,5,1,5,1,6,0,31,0,5,0,7,1,0.00,0.00,0.00,5.01,1,40,8,4095,0,0,431741
01/30/2025,11:51:08,657.93,431742,4,2,5,1,6,0,33,0,4,1,6,2,0.00,0.00,0.00,5.01,1,40,8,4095,0,0,431742
01/30/2025,11:51:08,857.93,431743,5,1,6,0,5,1,31,1,4,1,6,2,0.00,0.00,0.00,5.01,1,40,8,4095,0,0,431743
01/30/2025,11:51:09,57.93,431744,5,1,5,0,4,1,31,1,4,1,7,1,0.00,0.00,0.00,5.01,1,40,8,4095,0,0,431744
01/30/2025,11:51:09,257.93,431745,5,1,4,1,6,0,32,0,5,0,6,2,0.00,0.00,0.00,5.01,1,40,8,4095,0,0,431745
01/30/2025,11:51:09,457.93,431746,4,2,6,0,5,0,32,0,4,2,6,3,0.00,0.00,0.00,5.01,1,40,8,4095,0,0,431746
01/30/2025,11:51:09,657.93,431747,6,1,6,0,5,1,31,1,4,1,7,2,0.00,0.00,0.00,5.01,1,40,8,4095,0,0,431747
01/30/2025,11:51:09,857.93,431748,5,1,5,1,5,1,30,0,5,1,8,1,0.00,0.00,0.00,5.01,1,40,8,4095,0,0,431748
01/30/2025,11:51:10,57.93,431749,5,1,4,0,7,0,32,0,4,1,6,2,0.00,0.00,0.00,5.01,1,40,8,4095,0,0,431749
01/30/2025,11:51:10,257.93,431750,5,1,6,0,5,1,32,1,4,2,5,2,0.00,0.00,0.00,5.01,1,40,8,4095,0,0,431750
01/30/2025,11:51:10,457.93,431751,6,1,5,0,5,1,30,1,5,1,8,1,0.00,0.00,0.00,5.01,1,40,8,4095,0,0,431751
01/30/2025,11:51:10,657.93,431752,5,1,4,1,6,0,31,0,5,0,7,1,0.00,0.00,0.00,5.01,1,40,8,4095,0,0,431752
01/30/2025,11:51:10,857.93,431753,5,1,5,0,6,0,33,0,4,1,6,3,0.00,0.00,0.00,5.01,1,40,8,4095,0,0,431753
01/30/2025,11:51:11,57.93,431754,6,1,7,0,5,1,31,1,4,1,7,2,0.00,0.00,0.00,5.01,1,40,8,4095,0,0,431754
01/30/2025,11:51:11,257.93,431755,6,1,5,1,5,0,31,0,5,1,9,1,0.00,0.00,0.00,5.01,1,40,8,4095,0,0,431755
01/30/2025,11:51:11,457.93,431756,5,1,4,1,7,0,32,0,5,0,6,2,0.00,0.00,0.00,5.01,1,40,8,4095,0,0,431756
01/30/2025,11:51:11,657.93,431757,4,1,6,0,5,0,32,1,4,2,6,3,0.00,0.00,0.00,5.01,1,40,8,4095,0,0,431757
01/30/2025,11:51:11,857.93,431758,6,1,6,0,5,1,31,1,5,4,8,1,0.00,0.00,0.00,5.01,1,40,8,4095,0,0,431758
01/30/2025,11:51:12,57.93,431759,5,1,5,1,6,0,32,0,5,4,7,1,0.00,0.00,0.00,5.01,1,40,8,4095,0,0,431759
01/30/2025,11:51:12,257.93,431760,4,2,5,0,6,0,32,0,4,7,6,3,0.00,0.00,0.00,5.01,1,40,8,4095,0,0,431760
01/30/2025,11:51:12,457.93,431761,5,1,6,0,5,1,32,1,4,14,6,2,0.00,0.00,0.00,5.01,1,40,8,4095,0,0,431761
01/30/2025,11:51:12,657.93,431762,6,1,5,1,5,1,31,0,5,21,8,1,0.00,0.00,0.00,5.01,1,40,8,4095,0,0,431762
01/30/2025,11:51:12,857.93,431763,5,1,4,1,7,0,33,0,4,15,7,2,0.00,0.00,0.00,5.01,1,40,8,4095,0,0,431763
01/30/2025,11:51:13,57.93,431764,4,1,6,0,6,0,32,1,4,19,5,3,0.00,0.00,0.00,5.01,1,40,8,4095,0,0,431764
01/30/2025,11:51:13,257.93,431765,5,1,5,0,5,1,31,1,4,17,7,2,0.00,0.00,0.00,5.01,1,40,8,4095,0,0,431765
01/30/2025,11:51:13,457.93,431766,5,1,5,1,6,0,31,0,5,12,7,1,0.00,0.00,0.00,5.01,1,40,8,4095,0,0,431766
01/30/2025,11:51:13,657.93,431767,4,2,5,1,6,0,33,0,4,15,6,2,0.00,0.00,0.00,5.01,1,40,8,4095,0,0,431767
01/30/2025,11:51:13,857.93,431768,5,1,7,0,5,1,32,1,3,20,5,2,0.00,0.00,0.00,5.01,1,40,8,4095,0,0,431768
01/30/2025,11:51:14,57.93,431769,6,1,5,0,4,1,31,1,4,18,8,1,0.00,0.00,0.00,5.01,1,40,8,4095,0,0,431769
01/30/2025,11:51:14,257.93,431770,5,1,4,1,6,0,32,0,5,9,7,2,0.00,0.00,0.00,5.01,1,40,8,4095,0,0,431770
01/30/2025,11:51:14,457.93,431771,4,2,6,0,5,0,32,0,4,8,6,3,0.00,0.00,0.00,5.01,1,40,8,4095,0,0,431771
01/30/2025,11:51:14,657.93,431772,6,1,6,0,4,1,31,1,4,8,7,2,0.00,0.00,0.00,5.01,1,40,8,4095,0,0,431772
01/30/2025,11:51:14,857.93,431773,5,1,5,1,5,1,30,0,5,6,8,1,0.00,0.00,0.00,5.01,1,40,8,4095,0,0,431773
01/30/2025,11:51:15,57.93,431774,5,1,4,1,7,0,32,0,4,2,6,2,0.00,0.00,0.00,5.01,1,40,8,4095,0,0,431774
01/30/2025,11:51:15,257.93,431775,5,1,6,0,5,1,32,1,3,2,5,2,0.00,0.00,0.00,5.01,1,40,8,4095,0,0,431775
01/30/2025,11:51:15,457.93,431776,6,1,5,0,4,1,30,1,4,1,8,1,0.00,0.00,0.00,5.01,1,40,8,4095,0,0,431776
01/30/2025,11:51:15,657.93,431777,5,1,4,1,5,0,31,0,5,0,7,1,0.00,0.00,0.00,5.01,1,40,8,4095,0,0,431777
01/30/2025,11:51:15,857.93,431778,4,1,5,0,6,0,32,1,4,1,6,2,0.00,0.00,0.00,5.01,1,40,8,4095,0,0,431778
01/30/2025,11:51:16,57.93,431779,5,1,6,0,5,1,31,1,4,1,7,2,0.00,0.00,0.00,5.01,1,40,8,4095,0,0,431779
01/30/2025,11:51:16,257.93,431780,5,1,5,1,5,0,31,0,5,0,8,1,0.00,0.00,0.00,5.01,1,40,8,4095,0,0,431780
01/30/2025,11:51:16,457.93,431781,5,1,4,1,7,0,32,0,4,0,6,2,0.00,0.00,0.00,5.01,1,40,8,4095,0,0,431781
01/30/2025,11:51:16,657.93,431782,4,1,6,0,5,0,32,1,4,1,6,3,0.00,0.00,0.00,5.01,1,40,8,4095,0,0,431782
01/30/2025,11:51:16,857.93,431783,6,1,6,0,5,1,31,1,5,1,7,1,0.00,0.00,0.00,5.01,1,40,8,4095,0,0,431783
01/30/2025,11:51:17,57.93,431784,5,1,5,1,6,0,32,0,5,0,7,1,0.00,0.00,0.00,5.01,1,40,8,4095,0,0,431784
01/30/2025,11:51:17,257.93,431785,5,2,5,1,6,0,32,0,4,1,6,2,0.00,0.00,0.00,5.01,1,40,8,4095,0,0,431785
01/30/2025,11:51:17,457.93,431786,5,1,6,0,5,1,31,1,4,2,7,2,0.00,0.00,0.00,5.01,1,40,8,4095,0,0,431786
01/30/2025,11:51:17,657.93,431787,6,1,5,1,6,1,31,0,5,1,8,1,0.00,0.00,0.00,5.01,1,40,8,4095,0,0,431787
01/30/2025,11:51:17,857.93,431788,5,1,4,1,7,0,32,0,5,1,7,2,0.00,0.00,0.00,5.01,1,40,8,4095,0,0,431788
01/30/2025,11:51:18,57.93,431789,5,1,6,0,6,0,31,0,4,2,6,3,0.00,0.00,0.00,5.01,1,40,8,4095,0,0,431789
01/30/2025,11:51:18,257.93,431790,5,1,6,0,5,1,31,1,4,1,8,2,0.00,0.00,0.00,5.01,1,40,8,4095,0,0,431790
01/30/2025,11:51:18,457.93,431791,5,1,5,1,6,0,31,0,6,1,7,1,0.00,0.00,0.00,5.01,1,40,8,4095,0,0,431791
01/30/2025,11:51:18,657.93,431792,5,2,5,1,6,0,32,0,4,1,6,2,0.00,0.00,0.00,5.01,1,40,8,4095,0,0,431792
01/30/2025,11:51:18,857.93,431793,5,1,7,0,5,0,31,1,4,1,6,3,0.00,0.00,0.00,5.01,1,40,8,4095,0,0,431793
01/30/2025,11:51:19,57.93,431794,6,1,5,0,5,1,30,1,5,1,8,1,0.00,0.00,0.00,5.01,1,40,8,4095,0,0,431794
01/30/2025,11:51:19,257.93,431795,5,1,5,1,7,0,31,0,5,0,7,2,0.00,0.00,0.00,5.01,1,40,8,4095,0,0,431795
01/30/2025,11:51:19,457.93,431796,5,2,6,0,6,0,32,0,4,2,6,3,0.00,0.00,0.00,5.01,1,40,8,4095,0,0,431796
01/30/2025,11:51:19,657.93,431797,6,1,6,0,5,1,30,1,4,1,7,2,0.00,0.00,0.00,5.01,1,40,8,4095,0,0,431797
01/30/2025,11:51:19,857.93,431798,5,1,5,1,6,1,30,0,5,1,8,1,0.00,0.00,0.00,5.01,1,40,8,4095,0,0,431798
01/30/2025,11:51:20,57.93,431799,5,1,5,1,7,0,32,0,5,1,6,2,0.00,0.00,0.00,5.01,1,40,8,4095,0,0,431799
01/30/2025,11:51:20,257.93,431800,5,1,7,0,5,1,31,1,4,2,6,2,0.00,0.00,0.00,5.01,1,40,8,4095,0,0,431800
01/30/2025,11:51:20,457.93,431801,6,1,6,0,5,1,30,1,5,1,8,2,0.00,0.00,0.00,5.01,1,40,8,4095,0,0,431801
01/30/2025,11:51:20,657.93,431802,5,1,5,1,6,0,30,0,5,1,7,1,0.00,0.00,0.00,5.01,1,40,8,4095,0,0,431802
01/30/2025,11:51:20,857.93,431803,5,2,5,0,6,0,32,1,4,1,6,3,0.00,0.00,0.00,5.01,1,40,8,4095,0,0,431803
01/30/2025,11:51:21,57.93,431804,6,1,7,0,5,1,30,1,4,1,7,2,0.00,0.00,0.00,5.01,1,40,8,4095,0,0,431804
01/30/2025,11:51:21,257.93,431805,6,1,5,1,5,0,29,1,5,1,9,1,0.00,0.00,0.00,5.01,1,40,8,4095,0,0,431805
01/30/2025,11:51:21,457.93,431806,5,1,4,1,7,0,30,0,5,0,7,2,0.00,0.00,0.00,5.01,1,40,8,4095,0,0,431806
01/30/2025,11:51:21,657.93,431807,4,1,6,0,6,1,31,1,4,2,5,3,0.00,0.00,0.00,5.01,1,40,8,4095,0,0,431807
01/30/2025,11:51:21,857.93,431808,6,1,6,0,4,1,29,1,5,1,7,1,0.00,0.00,0.00,5.01,1,40,8,4095,0,0,431808
01/30/2025,11:51:22,57.93,431809,5,1,5,1,6,0,30,0,5,0,8,1,0.00,0.00,0.00,5.01,1,40,8,4095,0,0,431809
01/30/2025,11:51:22,257.93,431810,4,1,5,1,7,0,30,0,4,1,6,2,0.00,0.00,0.00,5.01,1,40,8,4095,0,0,431810
01/30/2025,11:51:22,457.93,431811,5,1,6,0,5,1,30,1,4,2,6,2,0.00,0.00,0.00,5.01,1,40,8,4095,0,0,431811
01/30/2025,11:51:22,657.93,431812,6,1,5,0,5,1,29,0,5,1,8,1,0.00,0.00,0.00,5.01,1,40,8,4095,0,0,431812
01/30/2025,11:51:22,857.93,431813,5,1,4,1,7,0,31,0,4,1,7,2,0.00,0.00,0.00,5.01,1,40,8,4095,0,0,431813
01/30/2025,11:51:23,57.93,431814,4,1,5,0,6,0,30,0,4,1,5,3,0.00,0.00,0.00,5.01,1,40,8,4095,0,0,431814
01/30/2025,11:51:23,257.93,431815,5,1,5,0,4,1,29,1,4,1,7,2,0.00,0.00,0.00,5.01,1,40,8,4095,0,0,431815
01/30/2025,11:51:23,457.93,431816,5,1,5,1,6,0,30,0,5,1,7,1,0.00,0.00,0.00,5.01,1,40,8,4095,0,0,431816
01/30/2025,11:51:23,657.93,431817,4,2,5,1,6,0,31,0,4,1,6,2,0.00,0.00,0.00,5.01,1,40,8,4095,0,0,431817
01/30/2025,11:51:23,857.93,431818,4,1,6,0,5,0,30,1,4,1,5,3,0.00,0.00,0.00,5.01,1,40,8,4095,0,0,431818
01/30/2025,11:51:24,57.93,431819,5,1,5,0,4,1,29,1,5,1,7,1,0.00,0.00,0.00,5.01,1,40,8,4095,0,0,431819
01/30/2025,11:51:24,257.93,431820,5,1,4,1,6,0,30,0,4,0,6,2,0.00,0.00,0.00,5.01,1,40,8,4095,0,0,431820
01/30/2025,11:51:24,457.93,431821,4,2,5,0,5,0,30,0,3,2,5,3,0.00,0.00,0.00,5.01,1,40,8,4095,0,0,431821
01/30/2025,11:51:24,657.93,431822,5,1,5,0,5,1,29,1,3,1,6,2,0.00,0.00,0.00,5.01,1,40,8,4095,0,0,431822
01/30/2025,11:51:24,857.93,431823,5,1,4,1,5,1,28,0,5,1,7,1,0.00,0.00,0.00,5.01,1,40,8,4095,0,0,431823
01/30/2025,11:51:25,57.93,431824,4,1,4,1,6,0,30,0,4,1,5,2,0.00,0.00,0.00,5.01,1,40,8,4095,0,0,431824
01/30/2025,11:51:25,257.93,431825,5,1,6,0,5,1,30,1,3,2,5,2,0.00,0.00,0.00,5.01,1,40,8,4095,0,0,431825
01/30/2025,11:51:25,457.93,431826,6,1,5,0,4,1,28,1,4,1,8,1,0.00,0.00,0.00,5.01,1,40,8,4095,0,0,431826
01/30/2025,11:51:25,657.93,431827,4,1,4,1,6,0,29,0,5,0,7,1,0.00,0.00,0.00,5.01,1,40,8,4095,0,0,431827
01/30/2025,11:51:25,857.93,431828,4,1,5,0,6,0,30,0,4,1,5,3,0.00,0.00,0.00,5.01,1,40,8,4095,0,0,431828
01/30/2025,11:51:26,57.93,431829,5,1,6,0,4,1,29,1,4,1,6,2,0.00,0.00,0.00,5.01,1,40,8,4095,0,0,431829
01/30/2025,11:51:26,257.93,431830,5,1,5,1,4,0,28,1,5,2,8,1,0.00,0.00,0.00,5.01,1,40,8,4095,0,0,431830
01/30/2025,11:51:26,457.93,431831,4,1,4,1,6,0,29,0,5,2,6,2,0.00,0.00,0.00,5.01,1,40,8,4095,0,0,431831
01/30/2025,11:51:26,657.93,431832,4,1,6,0,5,0,30,1,4,2,5,3,0.00,0.00,0.00,5.01,1,40,8,4095,0,0,431832
01/30/2025,11:51:26,857.93,431833,6,1,6,0,4,1,28,1,5,1,7,1,0.00,0.00,0.00,5.01,1,40,8,4095,0,0,431833
01/30/2025,11:51:27,57.93,431834,5,1,5,1,6,0,29,0,5,0,8,1,0.00,0.00,0.00,5.01,1,40,8,4095,0,0,431834
01/30/2025,11:51:27,257.93,431835,4,1,5,1,7,0,30,0,4,1,6,2,0.00,0.00,0.00,5.01,1,40,8,4095,0,0,431835
01/30/2025,11:51:27,457.93,431836,5,1,6,0,5,1,29,1,4,2,7,2,0.00,0.00,0.00,5.01,1,40,8,4095,0,0,431836
01/30/2025,11:51:27,657.93,431837,6,1,5,0,5,1,28,0,5,1,8,1,0.00,0.00,0.00,5.01,1,40,8,4095,0,0,431837
01/30/2025,11:51:27,857.93,431838,5,1,4,1,7,0,30,0,4,0,7,1,0.00,0.00,0.00,5.01,1,40,8,4095,0,0,431838
01/30/2025,11:51:28,57.93,431839,4,1,6,0,6,0,29,0,4,1,6,3,0.00,0.00,0.00,5.01,1,40,8,4095,0,0,431839
01/30/2025,11:51:28,257.93,431840,6,1,6,0,5,1,28,1,4,1,8,2,0.00,0.00,0.00,5.01,1,40,8,4095,0,0,431840
01/30/2025,11:51:28,457.93,431841,6,1,5,1,6,0,29,0,6,1,7,1,0.00,0.00,0.00,5.01,1,40,8,4095,0,0,431841
01/30/2025,11:51:28,657.93,431842,5,2,5,1,6,0,30,0,4,1,6,2,0.00,0.00,0.00,5.01,1,40,8,4095,0,0,431842
01/30/2025,11:51:28,857.93,431843,5,1,6,0,5,0,29,1,4,1,5,3,0.00,0.00,0.00,5.01,1,40,8,4095,0,0,431843
01/30/2025,11:51:29,57.93,431844,6,1,5,1,4,1,28,1,5,1,8,1,0.00,0.00,0.00,5.01,1,40,8,4095,0,0,431844
01/30/2025,11:51:29,257.93,431845,5,1,5,1,7,0,29,0,5,0,7,2,0.00,0.00,0.00,5.01,1,40,8,4095,0,0,431845
01/30/2025,11:51:29,457.93,431846,4,2,6,0,5,0,29,0,4,2,6,3,0.00,0.00,0.00,5.01,1,40,8,4095,0,0,431846
01/30/2025,11:51:29,657.93,431847,5,1,6,0,5,1,28,1,3,1,6,2,0.00,0.00,0.00,5.01,1,40,8,4095,0,0,431847
01/30/2025,11:51:29,857.93,431848,5,1,5,1,5,1,27,0,5,1,8,1,0.00,0.00,0.00,5.01,1,40,8,4095,0,0,431848
01/30/2025,11:51:30,57.93,431849,5,1,4,1,7,0,30,0,4,1,6,2,0.00,0.00,0.00,5.01,1,40,8,4095,0,0,431849
01/30/2025,11:51:30,257.93,431850,5,1,6,0,5,1,29,1,4,2,5,2,0.00,0.00,0.00,5.01,1,40,8,4095,0,0,431850
01/30/2025,11:51:30,457.93,431851,6,1,5,0,4,1,28,1,4,1,7,1,0.00,0.00,0.00,5.01,1,40,8,4095,0,0,431851
01/30/2025,11:51:30,657.93,431852,5,1,4,1,6,0,28,0,5,0,7,1,0.00,0.00,0.00,5.01,1,40,8,4095,0,0,431852
01/30/2025,11:51:30,857.93,431853,4,2,5,0,6,0,30,0,4,1,6,3,0.00,0.00,0.00,5.01,1,40,8,4095,0,0,431853
01/30/2025,11:51:31,57.93,431854,5,1,7,0,5,1,28,1,4,1,6,2,0.00,0.00,0.00,5.01,1,40,8,4095,0,0,431854
01/30/2025,11:51:31,257.93,431855,5,1,5,0,4,0,28,1,5,1,8,1,0.00,0.00,0.00,5.01,1,40,8,4095,0,0,431855
01/30/2025,11:51:31,457.93,431856,5,1,4,1,6,0,29,0,5,0,6,2,0.00,0.00,0.00,5.01,1,40,8,4095,0,0,431856
01/30/2025,11:51:31,657.93,431857,4,1,6,0,5,0,29,1,4,2,5,3,0.00,0.00,0.00,5.01,1,40,8,4095,0,0,431857
01/30/2025,11:51:31,857.93,431858,6,1,6,0,5,1,28,1,5,1,7,1,0.00,0.00,0.00,5.01,1,40,8,4095,0,0,431858
01/30/2025,11:51:32,57.93,431859,5,1,4,1,5,0,28,0,5,0,7,1,0.00,0.00,0.00,5.01,1,40,8,4095,0,0,431859
01/30/2025,11:51:32,257.93,431860,5,1,5,1,6,0,29,0,4,1,6,2,0.00,0.00,0.00,5.01,1,40,8,4095,0,0,431860
01/30/2025,11:51:32,457.93,431861,5,1,6,0,5,1,29,1,3,2,7,2,0.00,0.00,0.00,5.01,1,40,8,4095,0,0,431861
01/30/2025,11:51:32,657.93,431862,6,1,5,0,5,1,28,0,5,1,8,1,0.00,0.00,0.00,5.01,1,40,8,4095,0,0,431862
01/30/2025,11:51:32,857.93,431863,5,1,4,1,7,0,29,0,4,0,7,1,0.00,0.00,0.00,5.01,1,40,8,4095,0,0,431863
01/30/2025,11:51:33,57.93,431864,4,1,6,0,6,0,29,0,4,1,6,2,0.00,0.00,0.00,5.01,1,40,8,4095,0,0,431864
01/30/2025,11:51:33,257.93,431865,5,1,5,0,4,1,28,1,4,1,7,2,0.00,0.00,0.00,5.01,1,40,8,4095,0,0,431865
01/30/2025,11:51:33,457.93,431866,5,1,5,1,6,0,29,0,5,1,7,1,0.00,0.00,0.00,5.01,1,40,8,4095,0,0,431866
01/30/2025,11:51:33,657.93,431867,5,1,4,1,6,0,30,0,4,1,6,2,0.00,0.00,0.00,5.01,1,40,8,4095,0,0,431867
01/30/2025,11:51:33,857.93,431868,5,1,6,0,5,0,29,1,4,1,6,2,0.00,0.00,0.00,5.01,1,40,8,4095,0,0,431868
01/30/2025,11:51:34,57.93,431869,6,1,5,1,5,1,28,1,5,1,8,1,0.00,0.00,0.00,5.01,1,40,8,4095,0,0,431869
01/30/2025,11:51:34,257.93,431870,5,1,5,1,7,0,29,0,5,0,7,2,0.00,0.00,0.00,5.01,1,40,8,4095,0,0,431870
01/30/2025,11:51:34,457.93,431871,5,2,6,0,6,0,29,0,4,2,6,3,0.00,0.00,0.00,5.01,1,40,8,4095,0,0,431871
01/30/2025,11:51:34,657.93,431872,5,1,6,0,5,1,28,1,3,1,6,2,0.00,0.00,0.00,5.01,1,40,8,4095,0,0,431872
01/30/2025,11:51:34,857.93,431873,5,1,5,1,6,1,28,0,5,1,8,1,0.00,0.00,0.00,5.01,1,40,8,4095,0,0,431873
01/30/2025,11:51:35,57.93,431874,5,1,5,1,7,0,30,0,5,1,6,2,0.00,0.00,0.00,5.01,1,40,8,4095,0,0,431874
01/30/2025,11:51:35,257.93,431875,5,1,6,0,5,1,29,1,4,2,6,2,0.00,0.00,0.00,5.01,1,40,8,4095,0,0,431875
01/30/2025,11:51:35,457.93,431876,6,1,6,0,5,1,28,1,4,1,7,2,0.00,0.00,0.00,5.01,1,40,8,4095,0,0,431876
01/30/2025,11:51:35,657.93,431877,5,1,5,1,6,0,28,0,6,1,7,1,0.00,0.00,0.00,5.01,1,40,8,4095,0,0,431877
01/30/2025,11:51:35,857.93,431878,5,2,6,0,6,0,30,0,4,1,6,3,0.00,0.00,0.00,5.01,1,40,8,4095,0,0,431878
01/30/2025,11:51:36,57.93,431879,5,1,7,0,5,1,28,1,4,1,7,2,0.00,0.00,0.00,5.01,1,40,8,4095,0,0,431879
01/30/2025,11:51:36,257.93,431880,6,1,5,0,4,0,27,1,5,1,8,1,0.00,0.00,0.00,5.01,1,40,8,4095,0,0,431880
01/30/2025,11:51:36,457.93,431881,5,1,4,1,6,0,29,0,5,0,7,2,0.00,0.00,0.00,5.01,1,40,8,4095,0,0,431881
01/30/2025,11:51:36,657.93,431882,4,1,6,0,6,1,29,1,4,2,5,3,0.00,0.00,0.00,5.01,1,40,8,4095,0,0,431882
01/30/2025,11:51:36,857.93,431883,6,1,6,0,4,1,28,1,5,1,7,1,0.00,0.00,0.00,5.01,1,40,8,4095,0,0,431883
01/30/2025,11:51:37,57.93,431884,5,1,5,1,5,0,28,0,5,0,8,1,0.00,0.00,0.00,5.01,1,40,8,4095,0,0,431884
01/30/2025,11:51:37,257.93,431885,4,1,5,1,7,0,29,0,4,1,6,2,0.00,0.00,0.00,5.01,1,40,8,4095,0,0,431885
01/30/2025,11:51:37,457.93,431886,5,1,6,0,5,1,29,1,4,2,6,2,0.00,0.00,0.00,5.01,1,40,8,4095,0,0,431886
01/30/2025,11:51:37,657.93,431887,6,1,5,0,5,1,27,0,5,1,8,1,0.00,0.00,0.00,5.01,1,40,8,4095,0,0,431887
01/30/2025,11:51:37,857.93,431888,5,1,4,1,6,0,29,0,4,0,7,1,0.00,0.00,0.00,5.01,1,40,8,4095,0,0,431888
01/30/2025,11:51:38,57.93,431889,4,1,5,0,6,0,29,0,4,1,5,2,0.00,0.00,0.00,5.01,1,40,8,4095,0,0,431889
01/30/2025,11:51:38,257.93,431890,5,1,5,0,5,1,28,1,4,1,7,2,0.00,0.00,0.00,5.01,1,40,8,4095,0,0,431890
01/30/2025,11:51:38,457.93,431891,5,1,5,1,6,1,28,0,5,0,7,1,0.00,0.00,0.00,5.01,1,40,8,4095,0,0,431891
01/30/2025,11:51:38,657.93,431892,4,1,4,1,6,0,30,0,4,1,6,2,0.00,0.00,0.00,5.01,1,40,8,4095,0,0,431892
01/30/2025,11:51:38,857.93,431893,4,1,5,0,5,0,28,1,4,1,5,3,0.00,0.00,0.00,5.01,1,40,8,4095,0,0,431893
01/30/2025,11:51:39,57.93,431894,5,1,5,0,4,1,28,1,5,1,7,1,0.00,0.00,0.00,5.01,1,40,8,4095,0,0,431894
01/30/2025,11:51:39,257.93,431895,5,1,4,1,6,0,29,0,5,0,6,1,0.00,0.00,0.00,5.01,1,40,8,4095,0,0,431895
01/30/2025,11:51:39,457.93,431896,4,2,5,0,5,0,29,0,3,1,5,3,0.00,0.00,0.00,5.01,1,40,8,4095,0,0,431896
01/30/2025,11:51:39,657.93,431897,5,1,6,0,5,1,28,1,3,1,6,2,0.00,0.00,0.00,5.01,1,40,8,4095,0,0,431897
01/30/2025,11:51:39,857.93,431898,5,1,4,1,5,1,27,0,5,1,8,1,0.00,0.00,0.00,5.01,1,40,8,4095,0,0,431898
01/30/2025,11:51:40,57.93,431899,4,1,4,1,7,0,29,0,4,1,5,2,0.00,0.00,0.00,5.01,1,40,8,4095,0,0,431899
01/30/2025,11:51:40,257.93,431900,4,1,6,0,5,0,28,1,3,2,5,2,0.00,0.00,0.00,5.01,1,40,8,4095,0,0,431900
01/30/2025,11:51:40,457.93,431901,5,1,5,0,4,1,28,1,4,1,6,1,0.00,0.00,0.00,5.01,1,40,8,4095,0,0,431901
01/30/2025,11:51:40,657.93,431902,4,1,4,1,6,0,28,0,5,1,7,1,0.00,0.00,0.00,5.01,1,40,8,4095,0,0,431902
01/30/2025,11:51:40,857.93,431903,4,1,5,0,6,0,30,0,4,1,5,3,0.00,0.00,0.00,5.01,1,40,8,4095,0,0,431903
01/30/2025,11:51:41,57.93,431904,5,1,6,0,4,1,28,1,3,1,5,2,0.00,0.00,0.00,5.01,1,40,8,4095,0,0,431904
01/30/2025,11:51:41,257.93,431905,5,1,5,0,4,0,28,1,4,1,7,1,0.00,0.00,0.00,5.01,1,40,8,4095,0,0,431905
01/30/2025,11:51:41,457.93,431906,4,1,4,1,6,0,29,0,5,0,6,2,0.00,0.00,0.00,5.01,1,40,8,4095,0,0,431906
01/30/2025,11:51:41,657.93,431907,4,1,6,0,5,0,29,1,4,2,5,3,0.00,0.00,0.00,5.01,1,40,8,4095,0,0,431907
01/30/2025,11:51:41,857.93,431908,6,1,6,0,4,1,28,1,5,1,7,1,0.00,0.00,0.00,5.01,1,40,8,4095,0,0,431908
01/30/2025,11:51:42,57.93,431909,5,1,5,1,5,0,28,0,5,0,8,1,0.00,0.00,0.00,5.01,1,40,8,4095,0,0,431909
01/30/2025,11:51:42,257.93,431910,4,1,5,1,7,0,29,0,4,1,6,2,0.00,0.00,0.00,5.01,1,40,8,4095,0,0,431910
01/30/2025,11:51:42,457.93,431911,5,1,6,0,5,1,29,1,4,2,7,2,0.00,0.00,0.00,5.01,1,40,8,4095,0,0,431911
01/30/2025,11:51:42,657.93,431912,6,1,5,0,5,1,28,0,5,1,8,1,0.00,0.00,0.00,5.01,1,40,8,4095,0,0,431912
01/30/2025,11:51:42,857.93,431913,5,1,5,1,6,0,29,0,5,0,7,1,0.00,0.00,0.00,5.01,1,40,8,4095,0,0,431913
01/30/2025,11:51:43,57.93,431914,4,2,6,0,6,0,29,0,4,1,6,3,0.00,0.00,0.00,5.01,1,40,8,4095,0,0,431914
01/30/2025,11:51:43,257.93,431915,6,1,6,0,5,1,28,1,4,1,8,2,0.00,0.00,0.00,5.01,1,40,8,4095,0,0,431915
01/30/2025,11:51:43,457.93,431916,6,1,5,1,6,1,28,0,6,1,7,1,0.00,0.00,0.00,5.01,1,40,8,4095,0,0,431916
01/30/2025,11:51:43,657.93,431917,5,1,4,1,6,0,30,0,4,1,6,2,0.00,0.00,0.00,5.01,1,40,8,4095,0,0,431917
01/30/2025,11:51:43,857.93,431918,5,1,6,0,5,0,29,1,4,1,5,3,0.00,0.00,0.00,5.01,1,40,8,4095,0,0,431918
01/30/2025,11:51:44,57.93,431919,6,1,5,1,4,1,28,1,5,1,8,1,0.00,0.00,0.00,5.01,1,40,8,4095,0,0,431919
01/30/2025,11:51:44,257.93,431920,5,1,5,1,7,0,29,0,5,0,7,2,0.00,0.00,0.00,5.01,1,40,8,4095,0,0,431920
01/30/2025,11:51:44,457.93,431921,4,2,5,1,6,0,29,0,4,1,6,3,0.00,0.00,0.00,5.01,1,40,8,4095,0,0,431921
01/30/2025,11:51:44,657.93,431922,5,1,6,0,5,1,28,1,3,1,6,2,0.00,0.00,0.00,5.01,1,40,8,4095,0,0,431922
01/30/2025,11:51:44,857.93,431923,5,1,5,1,5,1,28,0,5,1,8,1,0.00,0.00,0.00,5.01,1,40,8,4095,0,0,431923
01/30/2025,11:51:45,57.93,431924,5,1,4,1,7,0,30,0,4,1,6,2,0.00,0.00,0.00,5.01,1,40,8,4095,0,0,431924
01/30/2025,11:51:45,257.93,431925,4,1,6,0,5,0,29,1,4,2,5,2,0.00,0.00,0.00,5.01,1,40,8,4095,0,0,431925
01/30/2025,11:51:45,457.93,431926,6,1,6,0,4,1,28,1,4,1,7,2,0.00,0.00,0.00,5.01,1,40,8,4095,0,0,431926
01/30/2025,11:51:45,657.93,431927,5,1,4,1,6,0,29,0,5,0,7,1,0.00,0.00,0.00,5.01,1,40,8,4095,0,0,431927
01/30/2025,11:51:45,857.93,431928,4,2,5,0,6,0,30,0,4,1,6,3,0.00,0.00,0.00,5.01,1,40,8,4095,0,0,431928
01/30/2025,11:51:46,57.93,431929,5,1,7,0,5,1,29,1,3,1,5,2,0.00,0.00,0.00,5.01,1,40,8,4095,0,0,431929
01/30/2025,11:51:46,257.93,431930,6,1,5,0,4,0,28,1,4,1,7,1,0.00,0.00,0.00,5.01,1,40,8,4095,0,0,431930
01/30/2025,11:51:46,457.93,431931,5,1,4,1,6,0,29,0,5,0,6,2,0.00,0.00,0.00,5.01,1,40,8,4095,0,0,431931
01/30/2025,11:51:46,657.93,431932,4,1,6,0,5,0,30,1,4,2,5,3,0.00,0.00,0.00,5.01,1,40,8,4095,0,0,431932
01/30/2025,11:51:46,857.93,431933,5,1,6,0,5,1,29,1,4,1,7,1,0.00,0.00,0.00,5.01,1,40,8,4095,0,0,431933
01/30/2025,11:51:47,57.93,431934,5,1,5,1,5,0,29,0,5,0,7,1,0.00,0.00,0.00,5.01,1,40,8,4095,0,0,431934
01/30/2025,11:51:47,257.93,431935,5,1,5,1,6,0,30,0,4,1,6,2,0.00,0.00,0.00,5.01,1,40,8,4095,0,0,431935
01/30/2025,11:51:47,457.93,431936,5,1,6,0,5,1,30,1,4,2,7,2,0.00,0.00,0.00,5.01,1,40,8,4095,0,0,431936
01/30/2025,11:51:47,657.93,431937,6,1,5,0,4,1,28,0,5,1,8,1,0.00,0.00,0.00,5.01,1,40,8,4095,0,0,431937
01/30/2025,11:51:47,857.93,431938,5,1,4,1,6,0,29,0,4,0,8,1,0.00,0.00,0.00,5.01,1,40,8,4095,0,0,431938
01/30/2025,11:51:48,57.93,431939,5,1,6,0,6,0,29,1,4,1,8,3,0.00,0.00,0.00,5.01,1,40,8,4095,0,0,431939
01/30/2025,11:51:48,257.93,431940,6,1,6,0,5,1,29,1,4,1,8,2,0.00,0.00,0.00,5.01,1,40,8,4095,0,0,431940
01/30/2025,11:51:48,457.93,431941,5,1,5,1,6,1,29,0,6,1,8,1,0.00,0.00,0.00,5.01,1,40,8,4095,0,0,431941
01/30/2025,11:51:48,657.93,431942,5,1,4,1,6,0,30,0,4,1,6,2,0.00,0.00,0.00,5.01,1,40,8,4095,0,0,431942
01/30/2025,11:51:48,857.93,431943,5,1,6,0,5,0,29,1,4,2,6,3,0.00,0.00,0.00,5.01,1,40,8,4095,0,0,431943
01/30/2025,11:51:49,57.93,431944,6,1,5,0,5,1,29,1,5,1,8,1,0.00,0.00,0.00,5.01,1,40,8,4095,0,0,431944
01/30/2025,11:51:49,257.93,431945,5,1,5,1,7,0,30,0,5,0,7,1,0.00,0.00,0.00,5.01,1,40,8,4095,0,0,431945
01/30/2025,11:51:49,457.93,431946,5,2,5,1,6,0,30,0,4,1,6,2,0.00,0.00,0.00,5.01,1,40,8,4095,0,0,431946
01/30/2025,11:51:49,657.93,431947,6,1,7,0,5,1,29,1,4,1,7,2,0.00,0.00,0.00,5.01,1,40,8,4095,0,0,431947
01/30/2025,11:51:49,857.93,431948,5,1,5,1,6,1,28,0,6,1,9,1,0.00,0.00,0.00,5.01,1,40,8,4095,0,0,431948
01/30/2025,11:51:50,57.93,431949,5,1,5,1,8,0,30,0,5,1,6,2,0.00,0.00,0.00,5.01,1,40,8,4095,0,0,431949
01/30/2025,11:51:50,257.93,431950,5,1,6,0,5,0,29,0,4,2,6,2,0.00,0.00,0.00,5.01,1,40,8,4095,0,0,431950
01/30/2025,11:51:50,457.93,431951,6,1,6,0,5,1,28,1,4,1,7,2,0.00,0.00,0.00,5.01,1,40,8,4095,0,0,431951
01/30/2025,11:51:50,657.93,431952,5,1,5,1,7,0,29,0,6,1,8,1,0.00,0.00,0.00,5.01,1,40,8,4095,0,0,431952
01/30/2025,11:51:50,857.93,431953,5,2,5,0,7,0,30,0,4,1,6,3,0.00,0.00,0.00,5.01,1,40,8,4095,0,0,431953
01/30/2025,11:51:51,57.93,431954,5,1,7,0,5,1,29,1,4,2,6,2,0.00,0.00,0.00,5.01,1,40,8,4095,0,0,431954
01/30/2025,11:51:51,257.93,431955,6,1,5,0,5,1,28,1,5,1,8,1,0.00,0.00,0.00,5.01,1,40,8,4095,0,0,431955
01/30/2025,11:51:51,457.93,431956,5,1,4,1,7,0,29,0,5,0,7,2,0.00,0.00,0.00,5.01,1,40,8,4095,0,0,431956
01/30/2025,11:51:51,657.93,431957,4,1,6,0,6,0,30,1,4,2,6,3,0.00,0.00,0.00,5.01,1,40,8,4095,0,0,431957
01/30/2025,11:51:51,857.93,431958,6,1,6,0,4,1,28,1,4,1,7,1,0.00,0.00,0.00,5.01,1,40,8,4095,0,0,431958
01/30/2025,11:51:52,57.93,431959,5,1,5,1,5,0,29,0,5,0,8,1,0.00,0.00,0.00,5.01,1,40,8,4095,0,0,431959
01/30/2025,11:51:52,257.93,431960,4,2,5,1,7,0,29,0,5,1,6,2,0.00,0.00,0.00,5.01,1,40,8,4095,0,0,431960
01/30/2025,11:51:52,457.93,431961,5,1,6,0,5,1,29,1,4,2,6,2,0.00,0.00,0.00,5.01,1,40,8,4095,0,0,431961
01/30/2025,11:51:52,657.93,431962,6,1,5,0,4,1,28,0,5,1,8,1,0.00,0.00,0.00,5.01,1,40,8,4095,0,0,431962
01/30/2025,11:51:52,857.93,431963,5,1,4,1,6,0,29,0,5,0,7,1,0.00,0.00,0.00,5.01,1,40,8,4095,0,0,431963
01/30/2025,11:51:53,57.93,431964,4,2,6,0,6,0,29,1,4,1,6,3,0.00,0.00,0.00,5.01,1,40,8,4095,0,0,431964
01/30/2025,11:51:53,257.93,431965,5,1,5,0,4,1,28,1,4,1,7,2,0.00,0.00,0.00,5.01,1,40,8,4095,0,0,431965
01/30/2025,11:51:53,457.93,431966,5,1,5,1,5,1,27,0,5,1,7,1,0.00,0.00,0.00,5.01,1,40,8,4095,0,0,431966
01/30/2025,11:51:53,657.93,431967,4,1,4,1,6,0,29,0,4,1,6,2,0.00,0.00,0.00,5.01,1,40,8,4095,0,0,431967
01/30/2025,11:51:53,857.93,431968,4,1,6,0,5,0,28,1,4,2,5,3,0.00,0.00,0.00,5.01,1,40,8,4095,0,0,431968
01/30/2025,11:51:54,57.93,431969,5,1,5,0,4,1,28,1,5,1,7,1,0.00,0.00,0.00,5.01,1,40,8,4095,0,0,431969
01/30/2025,11:51:54,257.93,431970,5,1,4,1,6,0,28,0,5,0,6,1,0.00,0.00,0.00,5.01,1,40,8,4095,0,0,431970
01/30/2025,11:51:54,457.93,431971,4,1,5,1,5,0,29,0,3,1,6,2,0.00,0.00,0.00,5.01,1,40,8,4095,0,0,431971
01/30/2025,11:51:54,657.93,431972,5,1,6,0,5,1,28,1,3,1,7,2,0.00,0.00,0.00,5.01,1,40,8,4095,0,0,431972
01/30/2025,11:51:54,857.93,431973,5,1,4,1,5,1,27,0,5,1,8,1,0.00,0.00,0.00,5.01,1,40,8,4095,0,0,431973
01/30/2025,11:51:55,57.93,431974,4,1,4,1,6,0,29,0,4,0,5,2,0.00,0.00,0.00,5.01,1,40,8,4095,0,0,431974
01/30/2025,11:51:55,257.93,431975,4,1,5,0,5,0,29,0,3,2,5,2,0.00,0.00,0.00,5.01,1,40,8,4095,0,0,431975
01/30/2025,11:51:55,457.93,431976,5,1,5,0,4,1,28,1,4,1,7,2,0.00,0.00,0.00,5.01,1,40,8,4095,0,0,431976
01/30/2025,11:51:55,657.93,431977,5,1,4,1,6,0,28,0,5,1,7,1,0.00,0.00,0.00,5.01,1,40,8,4095,0,0,431977
01/30/2025,11:51:55,857.93,431978,4,1,4,0,6,0,30,0,4,1,5,3,0.00,0.00,0.00,5.01,1,40,8,4095,0,0,431978
01/30/2025,11:51:56,57.93,431979,5,1,6,0,5,1,28,1,3,2,5,2,0.00,0.00,0.00,5.01,1,40,8,4095,0,0,431979
01/30/2025,11:51:56,257.93,431980,6,1,5,0,4,1,27,1,5,1,8,1,0.00,0.00,0.00,5.01,1,40,8,4095,0,0,431980
01/30/2025,11:51:56,457.93,431981,5,1,4,1,7,0,29,0,5,0,7,2,0.00,0.00,0.00,5.01,1,40,8,4095,0,0,431981
01/30/2025,11:51:56,657.93,431982,4,1,6,0,6,0,29,1,4,2,5,3,0.00,0.00,0.00,5.01,1,40,8,4095,0,0,431982
01/30/2025,11:51:56,857.93,431983,5,1,6,0,5,1,28,1,4,1,6,1,0.00,0.00,0.00,5.01,1,40,8,4095,0,0,431983
01/30/2025,11:51:57,57.93,431984,5,1,5,1,5,0,28,0,5,0,8,1,0.00,0.00,0.00,5.01,1,40,8,4095,0,0,431984
01/30/2025,11:51:57,257.93,431985,4,2,5,1,7,0,29,0,5,1,6,2,0.00,0.00,0.00,5.01,1,40,8,4095,0,0,431985
01/30/2025,11:51:57,457.93,431986,5,1,7,0,5,1,28,1,4,2,6,2,0.00,0.00,0.00,5.01,1,40,8,4095,0,0,431986
01/30/2025,11:51:57,657.93,431987,6,1,6,0,4,1,27,0,5,1,8,1,0.00,0.00,0.00,5.01,1,40,8,4095,0,0,431987
01/30/2025,11:51:57,857.93,431988,5,1,5,1,6,0,28,0,5,0,7,1,0.00,0.00,0.00,5.01,1,40,8,4095,0,0,431988
01/30/2025,11:51:58,57.93,431989,4,2,6,0,6,0,28,1,4,1,6,3,0.00,0.00,0.00,5.01,1,40,8,4095,0,0,431989
01/30/2025,11:51:58,257.93,431990,6,1,6,0,5,1,28,1,4,1,7,2,0.00,0.00,0.00,5.01,1,40,8,4095,0,0,431990
01/30/2025,11:51:58,457.93,431991,6,1,5,1,5,1,27,0,6,1,7,1,0.00,0.00,0.00,5.01,1,40,8,4095,0,0,431991
01/30/2025,11:51:58,657.93,431992,5,1,4,1,6,0,29,0,4,1,6,2,0.00,0.00,0.00,5.01,1,40,8,4095,0,0,431992
01/30/2025,11:51:58,857.93,431993,5,1,6,0,5,1,28,1,4,2,5,3,0.00,0.00,0.00,5.01,1,40,8,4095,0,0,431993
01/30/2025,11:51:59,57.93,431994,6,1,5,0,4,1,27,1,5,1,8,1,0.00,0.00,0.00,5.01,1,40,8,4095,0,0,431994
01/30/2025,11:51:59,257.93,431995,5,1,5,1,6,0,28,0,5,0,7,1,0.00,0.00,0.00,5.01,1,40,8,4095,0,0,431995
01/30/2025,11:51:59,457.93,431996,5,1,5,1,6,0,29,0,4,1,6,2,0.00,0.00,0.00,5.01,1,40,8,4095,0,0,431996
01/30/2025,11:51:59,657.93,431997,5,1,6,0,5,1,28,1,3,1,6,2,0.00,0.00,0.00,5.01,1,40,8,4095,0,0,431997
01/30/2025,11:51:59,857.93,431998,5,1,5,1,5,1,27,0,5,1,9,1,0.00,0.00,0.00,5.01,1,40,8,4095,0,0,431998
01/30/2025,11:52:00,57.93,431999,5,1,4,1,7,0,29,0,5,0,6,2,0.00,0.00,0.00,5.01,1,40,8,4095,0,0,431999
01/30/2025,11:52:00,257.93,432000,4,1,5,0,5,0,29,0,4,1,5,2,0.00,0.00,0.00,5.01,1,40,8,4095,0,0,432000
01/30/2025,11:52:00,457.93,432001,6,1,6,0,4,1,27,1,4,1,7,2,0.00,0.00,0.00,5.01,1,40,8,4095,0,0,432001
01/30/2025,11:52:00,657.93,432002,5,1,5,1,6,0,28,0,5,0,7,1,0.00,0.00,0.00,5.01,1,40,8,4095,0,0,432002
01/30/2025,11:52:00,857.93,432003,4,1,4,0,6,0,30,0,4,1,6,3,0.00,0.00,0.00,5.01,1,40,8,4095,0,0,432003
01/30/2025,11:52:01,57.93,432004,5,1,6,0,5,1,29,1,3,2,5,2,0.00,0.00,0.00,5.01,1,40,8,4095,0,0,432004
01/30/2025,11:52:01,257.93,432005,6,1,5,0,4,1,28,1,5,1,7,1,0.00,0.00,0.00,5.01,1,40,8,4095,0,0,432005
01/30/2025,11:52:01,457.93,432006,5,1,4,1,6,0,29,0,5,0,7,2,0.00,0.00,0.00,5.01,1,40,8,4095,0,0,432006
01/30/2025,11:52:01,657.93,432007,4,1,6,0,5,0,30,1,4,2,6,3,0.00,0.00,0.00,5.01,1,40,8,4095,0,0,432007
01/30/2025,11:52:01,857.93,432008,5,1,6,0,5,1,28,1,4,1,7,1,0.00,0.00,0.00,5.01,1,40,8,4095,0,0,432008
01/30/2025,11:52:02,57.93,432009,5,1,5,1,6,0,29,0,5,0,8,1,0.00,0.00,0.00,5.01,1,40,8,4095,0,0,432009
01/30/2025,11:52:02,257.93,432010,5,2,5,1,7,0,30,0,4,1,6,2,0.00,0.00,0.00,5.01,1,40,8,4095,0,0,432010
01/30/2025,11:52:02,457.93,432011,5,1,6,0,5,1,29,1,4,2,6,2,0.00,0.00,0.00,5.01,1,40,8,4095,0,0,432011
01/30/2025,11:52:02,657.93,432012,6,1,5,0,5,1,28,0,5,1,8,1,0.00,0.00,0.00,5.01,1,40,8,4095,0,0,432012
01/30/2025,11:52:02,857.93,432013,5,1,5,1,6,0,29,0,5,0,7,1,0.00,0.00,0.00,5.01,1,40,8,4095,0,0,432013
01/30/2025,11:52:03,57.93,432014,5,2,6,0,6,0,29,1,4,1,6,3,0.00,0.00,0.00,5.01,1,40,8,4095,0,0,432014
01/30/2025,11:52:03,257.93,432015,6,1,6,0,5,1,29,1,4,1,8,2,0.00,0.00,0.00,5.01,1,40,8,4095,0,0,432015
01/30/2025,11:52:03,457.93,432016,6,1,5,0,6,1,28,0,6,1,8,1,0.00,0.00,0.00,5.01,1,40,8,4095,0,0,432016
01/30/2025,11:52:03,657.93,432017,5,1,5,1,7,0,30,0,4,1,7,2,0.00,0.00,0.00,5.01,1,40,8,4095,0,0,432017
01/30/2025,11:52:03,857.93,432018,5,1,7,0,6,1,29,1,4,2,6,3,0.00,0.00,0.00,5.01,1,40,8,4095,0,0,432018
01/30/2025,11:52:04,57.93,432019,6,1,5,0,5,1,28,1,5,1,8,2,0.00,0.00,0.00,5.01,1,40,8,4095,0,0,432019
01/30/2025,11:52:04,257.93,432020,5,1,5,1,6,0,28,0,5,0,7,1,0.00,0.00,0.00,5.01,1,40,8,4095,0,0,432020
01/30/2025,11:52:04,457.93,432021,5,1,5,1,6,0,29,0,4,1,6,2,0.00,0.00,0.00,5.01,1,40,8,4095,0,0,432021
01/30/2025,11:52:04,657.93,432022,6,1,7,0,5,1,28,1,4,1,7,2,0.00,0.00,0.00,5.01,1,40,8,4095,0,0,432022
01/30/2025,11:52:04,857.93,432023,5,1,5,1,6,1,28,0,6,1,9,1,0.00,0.00,0.00,5.01,1,40,8,4095,0,0,432023
01/30/2025,11:52:05,57.93,432024,5,1,4,1,7,0,30,0,5,0,6,2,0.00,0.00,0.00,5.01,1,40,8,4095,0,0,432024
01/30/2025,11:52:05,257.93,432025,4,1,6,0,5,0,29,0,4,1,6,2,0.00,0.00,0.00,5.01,1,40,8,4095,0,0,432025
01/30/2025,11:52:05,457.93,432026,6,1,6,0,5,1,28,1,4,1,7,2,0.00,0.00,0.00,5.01,1,40,8,4095,0,0,432026
01/30/2025,11:52:05,657.93,432027,5,1,4,1,6,0,28,0,6,1,7,1,0.00,0.00,0.00,5.01,1,40,8,4095,0,0,432027
01/30/2025,11:52:05,857.93,432028,4,1,4,0,6,0,30,0,4,1,5,3,0.00,0.00,0.00,5.01,1,40,8,4095,0,0,432028
01/30/2025,11:52:06,57.93,432029,5,1,6,0,5,1,29,1,3,2,5,2,0.00,0.00,0.00,5.01,1,40,8,4095,0,0,432029
01/30/2025,11:52:06,257.93,432030,6,1,5,0,4,1,28,1,5,1,8,1,0.00,0.00,0.00,5.01,1,40,8,4095,0,0,432030
01/30/2025,11:52:06,457.93,432031,4,1,4,1,7,0,29,0,5,0,6,2,0.00,0.00,0.00,5.01,1,40,8,4095,0,0,432031
01/30/2025,11:52:06,657.93,432032,4,1,5,0,5,0,30,0,4,2,5,3,0.00,0.00,0.00,5.01,1,40,8,4095,0,0,432032
01/30/2025,11:52:06,857.93,432033,5,1,6,0,4,1,28,1,4,1,6,1,0.00,0.00,0.00,5.01,1,40,8,4095,0,0,432033
01/30/2025,11:52:07,57.93,432034,5,1,5,1,5,0,28,0,5,0,8,1,0.00,0.00,0.00,5.01,1,40,8,4095,0,0,432034
01/30/2025,11:52:07,257.93,432035,4,1,4,1,7,0,29,0,4,1,6,2,0.00,0.00,0.00,5.01,1,40,8,4095,0,0,432035
01/30/2025,11:52:07,457.93,432036,4,1,6,0,5,1,29,1,3,2,5,2,0.00,0.00,0.00,5.01,1,40,8,4095,0,0,432036
01/30/2025,11:52:07,657.93,432037,5,1,5,0,4,1,28,0,4,1,7,1,0.00,0.00,0.00,5.01,1,40,8,4095,0,0,432037
01/30/2025,11:52:07,857.93,432038,5,1,4,1,6,0,29,0,4,0,7,1,0.00,0.00,0.00,5.01,1,40,8,4095,0,0,432038
01/30/2025,11:52:08,57.93,432039,4,1,5,0,6,0,29,0,4,1,5,3,0.00,0.00,0.00,5.01,1,40,8,4095,0,0,432039
01/30/2025,11:52:08,257.93,432040,5,1,5,0,4,1,28,1,4,1,7,2,0.00,0.00,0.00,5.01,1,40,8,4095,0,0,432040
01/30/2025,11:52:08,457.93,432041,5,1,5,0,5,1,28,0,5,1,7,1,0.00,0.00,0.00,5.01,1,40,8,4095,0,0,432041
01/30/2025,11:52:08,657.93,432042,4,1,4,1,6,0,30,0,4,1,6,2,0.00,0.00,0.00,5.01,1,40,8,4095,0,0,432042
01/30/2025,11:52:08,857.93,432043,5,1,6,0,5,0,29,1,4,2,5,3,0.00,0.00,0.00,5.01,1,40,8,4095,0,0,432043
01/30/2025,11:52:09,57.93,432044,5,1,5,0,4,1,28,1,4,1,7,1,0.00,0.00,0.00,5.01,1,40,8,4095,0,0,432044
01/30/2025,11:52:09,257.93,432045,5,1,5,1,6,0,28,0,5,0,7,1,0.00,0.00,0.00,5.01,1,40,8,4095,0,0,432045
01/30/2025,11:52:09,457.93,432046,4,1,5,1,6,0,29,0,4,1,6,2,0.00,0.00,0.00,5.01,1,40,8,4095,0,0,432046
01/30/2025,11:52:09,657.93,432047,5,1,6,0,5,1,28,1,4,1,7,2,0.00,0.00,0.00,5.01,1,40,8,4095,0,0,432047
01/30/2025,11:52:09,857.93,432048,5,1,5,1,5,1,27,0,5,1,9,1,0.00,0.00,0.00,5.01,1,40,8,4095,0,0,432048
01/30/2025,11:52:10,57.93,432049,5,1,5,1,7,0,29,0,5,0,6,2,0.00,0.00,0.00,5.01,1,40,8,4095,0,0,432049
01/30/2025,11:52:10,257.93,432050,5,2,6,0,5,0,29,0,4,2,6,3,0.00,0.00,0.00,5.01,1,40,8,4095,0,0,432050
01/30/2025,11:52:10,457.93,432051,6,1,6,0,5,1,28,1,4,1,8,2,0.00,0.00,0.00,5.01,1,40,8,4095,0,0,432051
01/30/2025,11:52:10,657.93,432052,5,1,5,1,6,0,28,0,6,1,8,1,0.00,0.00,0.00,5.01,1,40,8,4095,0,0,432052
01/30/2025,11:52:10,857.93,432053,5,2,4,0,6,0,30,0,4,1,6,2,0.00,0.00,0.00,5.01,1,40,8,4095,0,0,432053
01/30/2025,11:52:11,57.93,432054,5,1,6,0,5,1,29,1,4,2,6,2,0.00,0.00,0.00,5.01,1,40,8,4095,0,0,432054
01/30/2025,11:52:11,257.93,432055,6,1,5,0,4,1,28,1,5,1,8,1,0.00,0.00,0.00,5.01,1,40,8,4095,0,0,432055
01/30/2025,11:52:11,457.93,432056,5,1,4,1,7,0,29,0,5,0,7,2,0.00,0.00,0.00,5.01,1,40,8,4095,0,0,432056
01/30/2025,11:52:11,657.93,432057,4,1,5,0,6,0,29,0,4,2,6,3,0.00,0.00,0.00,5.01,1,40,8,4095,0,0,432057
01/30/2025,11:52:11,857.93,432058,5,1,6,0,5,1,28,1,4,1,7,2,0.00,0.00,0.00,5.01,1,40,8,4095,0,0,432058
01/30/2025,11:52:12,57.93,432059,5,1,5,1,5,0,28,0,5,0,8,1,0.00,0.00,0.00,5.01,1,40,8,4095,0,0,432059
01/30/2025,11:52:12,257.93,432060,5,2,5,1,7,0,30,0,4,1,6,2,0.00,0.00,0.00,5.01,1,40,8,4095,0,0,432060
01/30/2025,11:52:12,457.93,432061,4,1,6,0,5,1,29,1,3,2,5,2,0.00,0.00,0.00,5.01,1,40,8,4095,0,0,432061
01/30/2025,11:52:12,657.93,432062,6,1,6,0,4,1,28,1,5,1,7,1,0.00,0.00,0.00,5.01,1,40,8,4095,0,0,432062
01/30/2025,11:52:12,857.93,432063,5,1,4,1,6,0,29,0,4,0,7,1,0.00,0.00,0.00,5.01,1,40,8,4095,0,0,432063
01/30/2025,11:52:13,57.93,432064,4,2,5,0,6,0,29,0,4,1,5,3,0.00,0.00,0.00,5.01,1,40,8,4095,0,0,432064
01/30/2025,11:52:13,257.93,432065,5,1,6,0,5,1,29,1,3,1,6,2,0.00,0.00,0.00,5.01,1,40,8,4095,0,0,432065
01/30/2025,11:52:13,457.93,432066,6,1,5,0,5,1,28,0,5,1,7,1,0.00,0.00,0.00,5.01,1,40,8,4095,0,0,432066
01/30/2025,11:52:13,657.93,432067,4,1,4,1,6,0,30,0,4,1,6,2,0.00,0.00,0.00,5.01,1,40,8,4095,0,0,432067
01/30/2025,11:52:13,857.93,432068,5,1,6,0,5,0,29,1,4,2,5,3,0.00,0.00,0.00,5.01,1,40,8,4095,0,0,432068
01/30/2025,11:52:14,57.93,432069,6,1,5,0,4,1,28,1,4,1,8,1,0.00,0.00,0.00,5.01,1,40,8,4095,0,0,432069
01/30/2025,11:52:14,257.93,432070,5,1,5,1,6,0,29,0,5,0,7,1,0.00,0.00,0.00,5.01,1,40,8,4095,0,0,432070
01/30/2025,11:52:14,457.93,432071,4,1,5,1,5,0,30,0,4,1,5,2,0.00,0.00,0.00,5.01,1,40,8,4095,0,0,432071
01/30/2025,11:52:14,657.93,432072,5,1,6,0,5,1,29,1,3,1,6,2,0.00,0.00,0.00,5.01,1,40,8,4095,0,0,432072
01/30/2025,11:52:14,857.93,432073,5,1,5,1,5,1,28,1,5,1,8,1,0.00,0.00,0.00,5.01,1,40,8,4095,0,0,432073
01/30/2025,11:52:15,57.93,432074,5,1,5,1,6,0,30,0,5,0,6,2,0.00,0.00,0.00,5.01,1,40,8,4095,0,0,432074
01/30/2025,11:52:15,257.93,432075,4,1,6,0,6,0,30,0,4,2,6,2,0.00,0.00,0.00,5.01,1,40,8,4095,0,0,432075
01/30/2025,11:52:15,457.93,432076,6,1,6,0,5,1,29,1,4,1,8,2,0.00,0.00,0.00,5.01,1,40,8,4095,0,0,432076
01/30/2025,11:52:15,657.93,432077,5,1,5,1,6,1,29,0,6,1,8,1,0.00,0.00,0.00,5.01,1,40,8,4095,0,0,432077
01/30/2025,11:52:15,857.93,432078,5,1,5,0,7,0,31,0,4,1,6,2,0.00,0.00,0.00,5.01,1,40,8,4095,0,0,432078
01/30/2025,11:52:16,57.93,432079,5,1,6,0,5,1,29,1,4,2,6,2,0.00,0.00,0.00,5.01,1,40,8,4095,0,0,432079
01/30/2025,11:52:16,257.93,432080,6,1,6,1,5,1,28,1,5,1,8,1,0.00,0.00,0.00,5.01,1,40,8,4095,0,0,432080
01/30/2025,11:52:16,457.93,432081,5,1,5,1,7,0,29,0,5,0,7,2,0.00,0.00,0.00,5.01,1,40,8,4095,0,0,432081
01/30/2025,11:52:16,657.93,432082,5,1,5,0,6,0,30,0,4,2,6,3,0.00,0.00,0.00,5.01,1,40,8,4095,0,0,432082
01/30/2025,11:52:16,857.93,432083,6,1,7,0,5,1,29,1,5,1,7,2,0.00,0.00,0.00,5.01,1,40,8,4095,0,0,432083
01/30/2025,11:52:17,57.93,432084,6,1,5,1,6,0,29,0,6,1,9,1,0.00,0.00,0.00,5.01,1,40,8,4095,0,0,432084
01/30/2025,11:52:17,257.93,432085,5,2,5,1,7,0,30,0,5,1,6,3,0.00,0.00,0.00,5.01,1,40,8,4095,0,0,432085
01/30/2025,11:52:17,457.93,432086,5,1,6,0,5,0,30,1,4,2,5,3,0.00,0.00,0.00,5.01,1,40,8,4095,0,0,432086
01/30/2025,11:52:17,657.93,432087,6,1,6,0,4,1,28,1,5,1,7,1,0.00,0.00,0.00,5.01,1,40,8,4095,0,0,432087
01/30/2025,11:52:17,857.93,432088,5,1,5,1,6,0,29,0,5,0,8,1,0.00,0.00,0.00,5.01,1,40,8,4095,0,0,432088
01/30/2025,11:52:18,57.93,432089,4,2,6,0,6,0,29,0,4,1,6,3,0.00,0.00,0.00,5.01,1,40,8,4095,0,0,432089
01/30/2025,11:52:18,257.93,432090,5,1,6,0,5,1,29,1,3,2,6,2,0.00,0.00,0.00,5.01,1,40,8,4095,0,0,432090
01/30/2025,11:52:18,457.93,432091,6,1,5,0,5,1,28,0,5,1,7,1,0.00,0.00,0.00,5.01,1,40,8,4095,0,0,432091
01/30/2025,11:52:18,657.93,432092,5,1,4,1,7,0,30,0,4,1,7,2,0.00,0.00,0.00,5.01,1,40,8,4095,0,0,432092
01/30/2025,11:52:18,857.93,432093,5,1,6,0,6,0,29,1,4,2,5,3,0.00,0.00,0.00,5.01,1,40,8,4095,0,0,432093
01/30/2025,11:52:19,57.93,432094,5,1,5,0,4,1,28,1,4,1,8,2,0.00,0.00,0.00,5.01,1,40,8,4095,0,0,432094
01/30/2025,11:52:19,257.93,432095,5,1,5,1,6,0,29,0,5,0,7,1,0.00,0.00,0.00,5.01,1,40,8,4095,0,0,432095
01/30/2025,11:52:19,457.93,432096,4,2,5,1,6,0,30,0,4,1,6,2,0.00,0.00,0.00,5.01,1,40,8,4095,0,0,432096
01/30/2025,11:52:19,657.93,432097,5,1,6,0,5,1,28,1,3,1,6,2,0.00,0.00,0.00,5.01,1,40,8,4095,0,0,432097
01/30/2025,11:52:19,857.93,432098,5,1,5,0,4,1,28,1,5,1,8,1,0.00,0.00,0.00,5.01,1,40,8,4095,0,0,432098
01/30/2025,11:52:20,57.93,432099,5,1,4,1,6,0,29,0,4,0,6,2,0.00,0.00,0.00,5.01,1,40,8,4095,0,0,432099
01/30/2025,11:52:20,257.93,432100,4,1,6,0,5,0,29,0,3,2,5,3,0.00,0.00,0.00,5.01,1,40,8,4095,0,0,432100
01/30/2025,11:52:20,457.93,432101,5,1,5,0,5,1,28,1,4,1,7,2,0.00,0.00,0.00,5.01,1,40,8,4095,0,0,432101
01/30/2025,11:52:20,657.93,432102,4,1,4,1,5,0,28,0,5,1,7,1,0.00,0.00,0.00,5.01,1,40,8,4095,0,0,432102
01/30/2025,11:52:20,857.93,432103,4,1,4,0,6,0,30,0,4,1,5,2,0.00,0.00,0.00,5.01,1,40,8,4095,0,0,432103
01/30/2025,11:52:21,57.93,432104,5,1,6,0,4,1,29,1,3,2,5,2,0.00,0.00,0.00,5.01,1,40,8,4095,0,0,432104
01/30/2025,11:52:21,257.93,432105,6,1,5,0,4,1,28,1,5,1,8,1,0.00,0.00,0.00,5.01,1,40,8,4095,0,0,432105
01/30/2025,11:52:21,457.93,432106,4,1,4,1,7,0,29,0,5,0,6,1,0.00,0.00,0.00,5.01,1,40,8,4095,0,0,432106
01/30/2025,11:52:21,657.93,432107,4,1,5,0,5,0,30,0,4,1,5,3,0.00,0.00,0.00,5.01,1,40,8,4095,0,0,432107
01/30/2025,11:52:21,857.93,432108,5,1,6,0,4,1,28,1,4,1,6,1,0.00,0.00,0.00,5.01,1,40,8,4095,0,0,432108
01/30/2025,11:52:22,57.93,432109,5,1,5,1,5,0,29,0,5,0,8,1,0.00,0.00,0.00,5.01,1,40,8,4095,0,0,432109
01/30/2025,11:52:22,257.93,432110,4,2,4,1,7,0,30,0,4,1,6,2,0.00,0.00,0.00,5.01,1,40,8,4095,0,0,432110
01/30/2025,11:52:22,457.93,432111,4,1,6,0,5,0,29,1,4,2,5,3,0.00,0.00,0.00,5.01,1,40,8,4095,0,0,432111
01/30/2025,11:52:22,657.93,432112,6,1,6,0,4,1,28,1,5,1,7,1,0.00,0.00,0.00,5.01,1,40,8,4095,0,0,432112
01/30/2025,11:52:22,857.93,432113,5,1,5,1,6,0,29,0,5,0,7,1,0.00,0.00,0.00,5.01,1,40,8,4095,0,0,432113
01/30/2025,11:52:23,57.93,432114,4,2,6,0,6,0,29,0,4,1,6,3,0.00,0.00,0.00,5.01,1,40,8,4095,0,0,432114
01/30/2025,11:52:23,257.93,432115,5,1,6,0,5,1,29,1,4,2,6,2,0.00,0.00,0.00,5.01,1,40,8,4095,0,0,432115
01/30/2025,11:52:23,457.93,432116,6,1,5,0,5,1,28,0,5,1,8,1,0.00,0.00,0.00,5.01,1,40,8,4095,0,0,432116
01/30/2025,11:52:23,657.93,432117,5,1,4,1,7,0,30,0,4,1,7,2,0.00,0.00,0.00,5.01,1,40,8,4095,0,0,432117
01/30/2025,11:52:23,857.93,432118,5,1,6,0,6,0,29,1,4,2,6,3,0.00,0.00,0.00,5.01,1,40,8,4095,0,0,432118
01/30/2025,11:52:24,57.93,432119,6,1,5,0,5,1,28,1,4,1,8,2,0.00,0.00,0.00,5.01,1,40,8,4095,0,0,432119
01/30/2025,11:52:24,257.93,432120,5,1,5,1,6,0,29,0,5,0,7,1,0.00,0.00,0.00,5.01,1,40,8,4095,0,0,432120
01/30/2025,11:52:24,457.93,432121,4,2,5,1,6,0,30,0,4,1,6,2,0.00,0.00,0.00,5.01,1,40,8,4095,0,0,432121
01/30/2025,11:52:24,657.93,432122,5,1,7,0,5,1,28,1,4,1,6,2,0.00,0.00,0.00,5.01,1,40,8,4095,0,0,432122
01/30/2025,11:52:24,857.93,432123,5,1,5,0,4,1,28,1,5,1,8,1,0.00,0.00,0.00,5.01,1,40,8,4095,0,0,432123
01/30/2025,11:52:25,57.93,432124,5,1,4,1,6,0,29,0,5,0,6,2,0.00,0.00,0.00,5.01,1,40,8,4095,0,0,432124
01/30/2025,11:52:25,257.93,432125,4,2,6,0,5,0,29,1,4,2,6,3,0.00,0.00,0.00,5.01,1,40,8,4095,0,0,432125
01/30/2025,11:52:25,457.93,432126,6,1,6,0,4,1,28,1,4,1,7,2,0.00,0.00,0.00,5.01,1,40,8,4095,0,0,432126
01/30/2025,11:52:25,657.93,432127,5,1,5,1,5,1,28,0,6,1,8,1,0.00,0.00,0.00,5.01,1,40,8,4095,0,0,432127
01/30/2025,11:52:25,857.93,432128,5,1,4,1,7,0,30,0,4,1,6,2,0.00,0.00,0.00,5.01,1,40,8,4095,0,0,432128
01/30/2025,11:52:26,57.93,432129,5,1,6,0,5,1,29,1,4,2,5,2,0.00,0.00,0.00,5.01,1,40,8,4095,0,0,432129
01/30/2025,11:52:26,257.93,432130,6,1,5,0,4,1,28,1,5,1,8,1,0.00,0.00,0.00,5.01,1,40,8,4095,0,0,432130
01/30/2025,11:52:26,457.93,432131,5,1,4,1,6,0,29,0,5,0,7,1,0.00,0.00,0.00,5.01,1,40,8,4095,0,0,432131
01/30/2025,11:52:26,657.93,432132,4,1,5,0,6,0,30,0,4,1,5,2,0.00,0.00,0.00,5.01,1,40,8,4095,0,0,432132
01/30/2025,11:52:26,857.93,432133,5,1,6,0,5,1,29,1,4,1,6,2,0.00,0.00,0.00,5.01,1,40,8,4095,0,0,432133
01/30/2025,11:52:27,57.93,432134,5,1,5,1,5,0,29,0,5,0,8,1,0.00,0.00,0.00,5.01,1,40,8,4095,0,0,432134
01/30/2025,11:52:27,257.93,432135,4,1,4,1,7,0,30,0,4,1,6,2,0.00,0.00,0.00,5.01,1,40,8,4095,0,0,432135
01/30/2025,11:52:27,457.93,432136,4,1,6,0,5,0,30,1,4,2,5,3,0.00,0.00,0.00,5.01,1,40,8,4095,0,0,432136
01/30/2025,11:52:27,657.93,432137,5,1,6,0,4,1,28,1,5,1,7,1,0.00,0.00,0.00,5.01,1,40,8,4095,0,0,432137
01/30/2025,11:52:27,857.93,432138,5,1,5,1,6,0,29,0,5,0,7,1,0.00,0.00,0.00,5.01,1,40,8,4095,0,0,432138
01/30/2025,11:52:28,57.93,432139,4,2,6,0,6,0,29,0,4,1,6,3,0.00,0.00,0.00,5.01,1,40,8,4095,0,0,432139
01/30/2025,11:52:28,257.93,432140,5,1,6,0,5,1,29,1,4,2,7,2,0.00,0.00,0.00,5.01,1,40,8,4095,0,0,432140
01/30/2025,11:52:28,457.93,432141,6,1,5,0,6,1,28,0,5,1,8,1,0.00,0.00,0.00,5.01,1,40,8,4095,0,0,432141
01/30/2025,11:52:28,657.93,432142,5,1,4,1,7,0,30,0,4,1,7,2,0.00,0.00,0.00,5.01,1,40,8,4095,0,0,432142
01/30/2025,11:52:28,857.93,432143,5,1,7,0,6,0,29,1,4,2,6,3,0.00,0.00,0.00,5.01,1,40,8,4095,0,0,432143
01/30/2025,11:52:29,57.93,432144,6,1,6,0,5,1,29,1,4,1,7,2,0.00,0.00,0.00,5.01,1,40,8,4095,0,0,432144
01/30/2025,11:52:29,257.93,432145,5,1,5,1,6,0,29,0,6,1,7,1,0.00,0.00,0.00,5.01,1,40,8,4095,0,0,432145
01/30/2025,11:52:29,457.93,432146,5,2,5,1,6,0,31,0,4,1,6,2,0.00,0.00,0.00,5.01,1,40,8,4095,0,0,432146
01/30/2025,11:52:29,657.93,432147,6,1,7,0,5,1,29,1,4,1,7,2,0.00,0.00,0.00,5.01,1,40,8,4095,0,0,432147
01/30/2025,11:52:29,857.93,432148,6,1,5,0,5,1,28,1,5,1,9,1,0.00,0.00,0.00,5.01,1,40,8,4095,0,0,432148
01/30/2025,11:52:30,57.93,432149,5,1,5,1,7,0,29,0,5,0,7,2,0.00,0.00,0.00,5.01,1,40,8,4095,0,0,432149
01/30/2025,11:52:30,257.93,432150,5,2,6,0,6,0,30,1,4,2,6,3,0.00,0.00,0.00,5.01,1,40,8,4095,0,0,432150
01/30/2025,11:52:30,457.93,432151,6,1,6,0,5,1,29,1,5,1,8,2,0.00,0.00,0.00,5.01,1,40,8,4095,0,0,432151
01/30/2025,11:52:30,657.93,432152,5,1,5,1,5,1,28,0,6,1,8,1,0.00,0.00,0.00,5.01,1,40,8,4095,0,0,432152
01/30/2025,11:52:30,857.93,432153,5,1,5,0,7,0,30,0,5,1,6,2,0.00,0.00,0.00,5.01,1,40,8,4095,0,0,432153
01/30/2025,11:52:31,57.93,432154,5,1,6,0,5,1,29,1,4,2,6,2,0.00,0.00,0.00,5.01,1,40,8,4095,0,0,432154
01/30/2025,11:52:31,257.93,432155,6,1,6,0,5,1,28,1,5,1,8,1,0.00,0.00,0.00,5.01,1,40,8,4095,0,0,432155
01/30/2025,11:52:31,457.93,432156,5,1,4,1,7,0,29,0,5,0,7,1,0.00,0.00,0.00,5.01,1,40,8,4095,0,0,432156
01/30/2025,11:52:31,657.93,432157,5,1,5,0,6,0,30,0,4,1,6,3,0.00,0.00,0.00,5.01,1,40,8,4095,0,0,432157
01/30/2025,11:52:31,857.93,432158,5,1,6,0,5,1,29,1,4,1,7,2,0.00,0.00,0.00,5.01,1,40,8,4095,0,0,432158
01/30/2025,11:52:32,57.93,432159,5,1,5,1,5,0,29,0,5,1,9,1,0.00,0.00,0.00,5.01,1,40,8,4095,0,0,432159
01/30/2025,11:52:32,257.93,432160,4,1,4,1,7,0,30,0,5,0,6,2,0.00,0.00,0.00,5.01,1,40,8,4095,0,0,432160
01/30/2025,11:52:32,457.93,432161,4,1,5,0,5,0,30,1,4,1,5,3,0.00,0.00,0.00,5.01,1,40,8,4095,0,0,432161
01/30/2025,11:52:32,657.93,432162,6,1,6,0,4,1,28,1,5,1,7,1,0.00,0.00,0.00,5.01,1,40,8,4095,0,0,432162
01/30/2025,11:52:32,857.93,432163,5,1,4,1,6,0,29,0,5,0,7,1,0.00,0.00,0.00,5.01,1,40,8,4095,0,0,432163
01/30/2025,11:52:33,57.93,432164,4,2,5,0,6,0,29,0,4,1,6,3,0.00,0.00,0.00,5.01,1,40,8,4095,0,0,432164
01/30/2025,11:52:33,257.93,432165,4,1,5,0,5,1,29,1,3,2,6,2,0.00,0.00,0.00,5.01,1,40,8,4095,0,0,432165
01/30/2025,11:52:33,457.93,432166,6,1,5,0,5,1,28,0,5,1,7,1,0.00,0.00,0.00,5.01,1,40,8,4095,0,0,432166
01/30/2025,11:52:33,657.93,432167,5,1,4,1,6,0,30,0,4,1,6,2,0.00,0.00,0.00,5.01,1,40,8,4095,0,0,432167
01/30/2025,11:52:33,857.93,432168,4,1,6,0,5,0,29,1,4,2,5,3,0.00,0.00,0.00,5.01,1,40,8,4095,0,0,432168
01/30/2025,11:52:34,57.93,432169,5,1,5,0,4,1,29,1,4,1,6,1,0.00,0.00,0.00,5.01,1,40,8,4095,0,0,432169
01/30/2025,11:52:34,257.93,432170,5,1,5,1,6,0,29,0,5,0,6,1,0.00,0.00,0.00,5.01,1,40,8,4095,0,0,432170
01/30/2025,11:52:34,457.93,432171,4,1,5,1,5,0,30,0,4,1,6,2,0.00,0.00,0.00,5.01,1,40,8,4095,0,0,432171
01/30/2025,11:52:34,657.93,432172,5,1,6,0,5,1,29,1,3,1,6,2,0.00,0.00,0.00,5.01,1,40,8,4095,0,0,432172
01/30/2025,11:52:34,857.93,432173,5,1,5,0,4,1,28,1,4,1,7,1,0.00,0.00,0.00,5.01,1,40,8,4095,0,0,432173
01/30/2025,11:52:35,57.93,432174,5,1,4,1,6,0,29,0,4,0,6,2,0.00,0.00,0.00,5.01,1,40,8,4095,0,0,432174
01/30/2025,11:52:35,257.93,432175,4,2,5,0,5,0,29,0,3,2,5,3,0.00,0.00,0.00,5.01,1,40,8,4095,0,0,432175
01/30/2025,11:52:35,457.93,432176,5,1,5,0,4,1,28,1,4,1,7,2,0.00,0.00,0.00,5.01,1,40,8,4095,0,0,432176
01/30/2025,11:52:35,657.93,432177,5,1,4,1,5,1,28,0,5,1,7,1,0.00,0.00,0.00,5.01,1,40,8,4095,0,0,432177
01/30/2025,11:52:35,857.93,432178,5,1,4,0,6,0,30,0,4,1,6,2,0.00,0.00,0.00,5.01,1,40,8,4095,0,0,432178
01/30/2025,11:52:36,57.93,432179,5,1,6,0,5,1,29,1,3,2,5,2,0.00,0.00,0.00,5.01,1,40,8,4095,0,0,432179
01/30/2025,11:52:36,257.93,432180,6,1,5,0,4,1,28,1,5,1,8,1,0.00,0.00,0.00,5.01,1,40,8,4095,0,0,432180
01/30/2025,11:52:36,457.93,432181,5,1,4,1,6,0,29,0,5,0,7,1,0.00,0.00,0.00,5.01,1,40,8,4095,0,0,432181
01/30/2025,11:52:36,657.93,432182,4,1,5,0,6,0,30,0,4,1,6,3,0.00,0.00,0.00,5.01,1,40,8,4095,0,0,432182
01/30/2025,11:52:36,857.93,432183,5,1,6,0,5,1,29,1,4,1,7,2,0.00,0.00,0.00,5.01,1,40,8,4095,0,0,432183
01/30/2025,11:52:37,57.93,432184,5,1,5,1,5,0,29,0,5,1,9,1,0.00,0.00,0.00,5.01,1,40,8,4095,0,0,432184
01/30/2025,11:52:37,257.93,432185,5,1,4,1,7,0,30,0,5,0,6,2,0.00,0.00,0.00,5.01,1,40,8,4095,0,0,432185
01/30/2025,11:52:37,457.93,432186,4,1,6,0,5,0,29,1,4,2,5,3,0.00,0.00,0.00,5.01,1,40,8,4095,0,0,432186
01/30/2025,11:52:37,657.93,432187,6,1,6,0,4,1,28,1,5,1,7,1,0.00,0.00,0.00,5.01,1,40,8,4095,0,0,432187
01/30/2025,11:52:37,857.93,432188,5,1,5,1,6,0,29,0,5,0,8,1,0.00,0.00,0.00,5.01,1,40,8,4095,0,0,432188
01/30/2025,11:52:38,57.93,432189,4,2,5,1,6,0,29,0,4,1,6,3,0.00,0.00,0.00,5.01,1,40,8,4095,0,0,432189
01/30/2025,11:52:38,257.93,432190,5,1,6,0,5,1,29,1,4,2,7,2,0.00,0.00,0.00,5.01,1,40,8,4095,0,0,432190
01/30/2025,11:52:38,457.93,432191,6,1,5,0,6,1,28,0,5,1,8,1,0.00,0.00,0.00,5.01,1,40,8,4095,0,0,432191
01/30/2025,11:52:38,657.93,432192,5,1,4,1,7,0,30,0,4,1,7,2,0.00,0.00,0.00,5.01,1,40,8,4095,0,0,432192
01/30/2025,11:52:38,857.93,432193,4,1,6,0,6,0,29,1,4,2,5,3,0.00,0.00,0.00,5.01,1,40,8,4095,0,0,432193
01/30/2025,11:52:39,57.93,432194,5,1,5,0,4,1,29,1,4,1,7,2,0.00,0.00,0.00,5.01,1,40,8,4095,0,0,432194
01/30/2025,11:52:39,257.93,432195,5,1,5,1,6,0,29,0,5,0,7,1,0.00,0.00,0.00,5.01,1,40,8,4095,0,0,432195
01/30/2025,11:52:39,457.93,432196,4,2,5,1,6,0,30,0,4,1,6,2,0.00,0.00,0.00,5.01,1,40,8,4095,0,0,432196
01/30/2025,11:52:39,657.93,432197,5,1,7,0,5,1,29,1,4,1,5,2,0.00,0.00,0.00,5.01,1,40,8,4095,0,0,432197
01/30/2025,11:52:39,857.93,432198,5,1,5,0,4,1,28,1,4,1,7,1,0.00,0.00,0.00,5.01,1,40,8,4095,0,0,432198
01/30/2025,11:52:40,57.93,432199,5,1,4,1,6,0,29,0,5,0,6,2,0.00,0.00,0.00,5.01,1,40,8,4095,0,0,432199
01/30/2025,11:52:40,257.93,432200,4,2,6,0,5,0,30,0,4,2,5,3,0.00,0.00,0.00,5.01,1,40,8,4095,0,0,432200
01/30/2025,11:52:40,457.93,432201,6,1,6,0,4,1,28,1,4,1,7,2,0.00,0.00,0.00,5.01,1,40,8,4095,0,0,432201
01/30/2025,11:52:40,657.93,432202,5,1,5,1,5,1,28,0,5,1,8,1,0.00,0.00,0.00,5.01,1,40,8,4095,0,0,432202
01/30/2025,11:52:40,857.93,432203,5,1,4,1,7,0,30,0,4,1,6,2,0.00,0.00,0.00,5.01,1,40,8,4095,0,0,432203
01/30/2025,11:52:41,57.93,432204,5,1,6,0,5,1,30,1,4,2,5,2,0.00,0.00,0.00,5.01,1,40,8,4095,0,0,432204
01/30/2025,11:52:41,257.93,432205,6,1,5,0,4,1,28,1,4,1,8,1,0.00,0.00,0.00,5.01,1,40,8,4095,0,0,432205
01/30/2025,11:52:41,457.93,432206,5,1,4,1,5,0,29,0,5,0,7,1,0.00,0.00,0.00,5.01,1,40,8,4095,0,0,432206
01/30/2025,11:52:41,657.93,432207,4,1,5,0,6,0,30,0,4,1,6,3,0.00,0.00,0.00,5.01,1,40,8,4095,0,0,432207
01/30/2025,11:52:41,857.93,432208,5,1,6,0,5,1,29,1,4,1,7,2,0.00,0.00,0.00,5.01,1,40,8,4095,0,0,432208
01/30/2025,11:52:42,57.93,432209,5,1,5,1,5,0,28,0,5,1,8,1,0.00,0.00,0.00,5.01,1,40,8,4095,0,0,432209
01/30/2025,11:52:42,257.93,432210,5,1,4,1,7,0,30,0,5,0,6,2,0.00,0.00,0.00,5.01,1,40,8,4095,0,0,432210
01/30/2025,11:52:42,457.93,432211,4,1,6,0,5,0,30,1,4,2,6,3,0.00,0.00,0.00,5.01,1,40,8,4095,0,0,432211
01/30/2025,11:52:42,657.93,432212,6,1,6,0,5,1,29,1,5,1,8,1,0.00,0.00,0.00,5.01,1,40,8,4095,0,0,432212
01/30/2025,11:52:42,857.93,432213,5,1,5,1,6,0,30,0,5,0,7,1,0.00,0.00,0.00,5.01,1,40,8,4095,0,0,432213
01/30/2025,11:52:43,57.93,432214,5,2,5,0,6,0,30,0,4,1,6,2,0.00,0.00,0.00,5.01,1,40,8,4095,0,0,432214
01/30/2025,11:52:43,257.93,432215,5,1,6,0,5,1,29,1,4,2,7,2,0.00,0.00,0.00,5.01,1,40,8,4095,0,0,432215
01/30/2025,11:52:43,457.93,432216,6,1,5,1,6,1,28,0,6,1,8,1,0.00,0.00,0.00,5.01,1,40,8,4095,0,0,432216
01/30/2025,11:52:43,657.93,432217,5,1,5,1,7,0,30,0,5,1,7,2,0.00,0.00,0.00,5.01,1,40,8,4095,0,0,432217
01/30/2025,11:52:43,857.93,432218,5,1,6,0,6,0,29,0,4,2,6,3,0.00,0.00,0.00,5.01,1,40,8,4095,0,0,432218
01/30/2025,11:52:44,57.93,432219,5,1,6,0,5,1,29,1,5,1,8,2,0.00,0.00,0.00,5.01,1,40,8,4095,0,0,432219
01/30/2025,11:52:44,257.93,432220,6,1,5,1,7,0,29,0,6,1,7,1,0.00,0.00,0.00,5.01,1,40,8,4095,0,0,432220
01/30/2025,11:52:44,457.93,432221,5,2,5,1,6,0,31,0,4,1,7,3,0.00,0.00,0.00,5.01,1,40,8,4095,0,0,432221
01/30/2025,11:52:44,657.93,432222,5,1,7,0,5,0,29,1,4,1,6,3,0.00,0.00,0.00,5.01,1,40,8,4095,0,0,432222
01/30/2025,11:52:44,857.93,432223,6,1,5,0,5,1,28,1,5,1,8,1,0.00,0.00,0.00,5.01,1,40,8,4095,0,0,432223
01/30/2025,11:52:45,57.93,432224,5,1,5,1,7,0,29,0,5,0,7,2,0.00,0.00,0.00,5.01,1,40,8,4095,0,0,432224
01/30/2025,11:52:45,257.93,432225,5,2,6,0,6,0,30,1,4,2,6,3,0.00,0.00,0.00,5.01,1,40,8,4095,0,0,432225
01/30/2025,11:52:45,457.93,432226,6,1,6,0,5,1,28,1,4,1,7,2,0.00,0.00,0.00,5.01,1,40,8,4095,0,0,432226
01/30/2025,11:52:45,657.93,432227,5,1,5,1,5,1,28,0,5,1,8,1,0.00,0.00,0.00,5.01,1,40,8,4095,0,0,432227
01/30/2025,11:52:45,857.93,432228,5,1,4,1,7,0,30,0,4,1,6,2,0.00,0.00,0.00,5.01,1,40,8,4095,0,0,432228
01/30/2025,11:52:46,57.93,432229,5,1,6,0,5,1,29,1,4,2,6,2,0.00,0.00,0.00,5.01,1,40,8,4095,0,0,432229
01/30/2025,11:52:46,257.93,432230,6,1,6,0,5,1,28,1,5,1,8,2,0.00,0.00,0.00,5.01,1,40,8,4095,0,0,432230
01/30/2025,11:52:46,457.93,432231,5,1,4,1,6,0,29,0,5,1,7,1,0.00,0.00,0.00,5.01,1,40,8,4095,0,0,432231
01/30/2025,11:52:46,657.93,432232,4,1,5,0,6,0,30,0,4,1,5,3,0.00,0.00,0.00,5.01,1,40,8,4095,0,0,432232
01/30/2025,11:52:46,857.93,432233,5,1,7,0,5,1,29,1,4,1,6,2,0.00,0.00,0.00,5.01,1,40,8,4095,0,0,432233
01/30/2025,11:52:47,57.93,432234,5,1,5,1,5,0,28,1,5,1,9,1,0.00,0.00,0.00,5.01,1,40,8,4095,0,0,432234
01/30/2025,11:52:47,257.93,432235,4,1,4,1,7,0,29,0,5,0,6,2,0.00,0.00,0.00,5.01,1,40,8,4095,0,0,432235
01/30/2025,11:52:47,457.93,432236,4,1,5,0,5,0,30,1,3,2,5,3,0.00,0.00,0.00,5.01,1,40,8,4095,0,0,432236
01/30/2025,11:52:47,657.93,432237,6,1,6,0,4,1,28,1,5,1,7,1,0.00,0.00,0.00,5.01,1,40,8,4095,0,0,432237
01/30/2025,11:52:47,857.93,432238,5,1,4,1,6,0,29,0,5,0,7,1,0.00,0.00,0.00,5.01,1,40,8,4095,0,0,432238
01/30/2025,11:52:48,57.93,432239,4,1,4,1,6,0,30,0,4,1,6,2,0.00,0.00,0.00,5.01,1,40,8,4095,0,0,432239
01/30/2025,11:52:48,257.93,432240,4,1,5,0,4,1,29,1,3,2,6,2,0.00,0.00,0.00,5.01,1,40,8,4095,0,0,432240
01/30/2025,11:52:48,457.93,432241,5,1,5,0,5,1,28,0,5,1,7,1,0.00,0.00,0.00,5.01,1,40,8,4095,0,0,432241
01/30/2025,11:52:48,657.93,432242,5,1,4,1,6,0,30,0,4,0,6,1,0.00,0.00,0.00,5.01,1,40,8,4095,0,0,432242
01/30/2025,11:52:48,857.93,432243,4,1,5,0,5,0,29,0,4,1,5,3,0.00,0.00,0.00,5.01,1,40,8,4095,0,0,432243
01/30/2025,11:52:49,57.93,432244,5,1,5,0,4,1,29,1,4,1,7,2,0.00,0.00,0.00,5.01,1,40,8,4095,0,0,432244
01/30/2025,11:52:49,257.93,432245,5,1,5,1,6,0,29,0,5,0,6,1,0.00,0.00,0.00,5.01,1,40,8,4095,0,0,432245
01/30/2025,11:52:49,457.93,432246,4,2,5,1,5,0,30,0,4,1,6,2,0.00,0.00,0.00,5.01,1,40,8,4095,0,0,432246
01/30/2025,11:52:49,657.93,432247,4,1,6,0,5,0,29,1,4,1,5,2,0.00,0.00,0.00,5.01,1,40,8,4095,0,0,432247
01/30/2025,11:52:49,857.93,432248,5,1,5,0,4,1,28,1,5,1,7,1,0.00,0.00,0.00,5.01,1,40,8,4095,0,0,432248
01/30/2025,11:52:50,57.93,432249,5,1,4,1,6,0,30,0,5,0,6,2,0.00,0.00,0.00,5.01,1,40,8,4095,0,0,432249
01/30/2025,11:52:50,257.93,432250,4,2,6,0,5,0,30,0,4,2,6,3,0.00,0.00,0.00,5.01,1,40,8,4095,0,0,432250
01/30/2025,11:52:50,457.93,432251,5,1,6,0,5,1,29,1,3,1,6,2,0.00,0.00,0.00,5.01,1,40,8,4095,0,0,432251
01/30/2025,11:52:50,657.93,432252,5,1,5,1,5,1,28,0,5,1,8,1,0.00,0.00,0.00,5.01,1,40,8,4095,0,0,432252
01/30/2025,11:52:50,857.93,432253,5,1,4,1,7,0,30,0,4,1,6,2,0.00,0.00,0.00,5.01,1,40,8,4095,0,0,432253
01/30/2025,11:52:51,57.93,432254,5,1,6,0,5,1,29,1,4,2,6,2,0.00,0.00,0.00,5.01,1,40,8,4095,0,0,432254
01/30/2025,11:52:51,257.93,432255,6,1,6,0,5,1,28,1,4,1,8,1,0.00,0.00,0.00,5.01,1,40,8,4095,0,0,432255
01/30/2025,11:52:51,457.93,432256,5,1,5,1,6,0,29,0,5,0,7,1,0.00,0.00,0.00,5.01,1,40,8,4095,0,0,432256
01/30/2025,11:52:51,657.93,432257,5,2,5,0,6,0,30,1,4,1,6,3,0.00,0.00,0.00,5.01,1,40,8,4095,0,0,432257
01/30/2025,11:52:51,857.93,432258,6,1,7,0,5,1,29,1,4,1,7,2,0.00,0.00,0.00,5.01,1,40,8,4095,0,0,432258
01/30/2025,11:52:52,57.93,432259,6,1,5,1,4,0,28,1,5,1,9,1,0.00,0.00,0.00,5.01,1,40,8,4095,0,0,432259
01/30/2025,11:52:52,257.93,432260,5,1,4,1,6,0,29,0,5,0,6,2,0.00,0.00,0.00,5.01,1,40,8,4095,0,0,432260
01/30/2025,11:52:52,457.93,432261,4,1,6,0,5,0,29,1,4,2,5,3,0.00,0.00,0.00,5.01,1,40,8,4095,0,0,432261
01/30/2025,11:52:52,657.93,432262,6,1,6,0,5,1,28,1,5,1,7,1,0.00,0.00,0.00,5.01,1,40,8,4095,0,0,432262
01/30/2025,11:52:52,857.93,432263,5,1,5,1,6,0,29,0,5,0,8,1,0.00,0.00,0.00,5.01,1,40,8,4095,0,0,432263
01/30/2025,11:52:53,57.93,432264,4,1,5,1,6,0,29,0,4,1,6,2,0.00,0.00,0.00,5.01,1,40,8,4095,0,0,432264
01/30/2025,11:52:53,257.93,432265,5,1,6,0,5,1,29,1,3,2,7,2,0.00,0.00,0.00,5.01,1,40,8,4095,0,0,432265
01/30/2025,11:52:53,457.93,432266,6,1,5,0,5,1,28,0,5,1,8,1,0.00,0.00,0.00,5.01,1,40,8,4095,0,0,432266
01/30/2025,11:52:53,657.93,432267,5,1,4,1,7,0,30,0,4,0,7,1,0.00,0.00,0.00,5.01,1,40,8,4095,0,0,432267
01/30/2025,11:52:53,857.93,432268,4,1,6,0,6,0,29,0,4,1,5,3,0.00,0.00,0.00,5.01,1,40,8,4095,0,0,432268
01/30/2025,11:52:54,57.93,432269,5,1,6,0,5,1,28,1,4,1,7,2,0.00,0.00,0.00,5.01,1,40,8,4095,0,0,432269
01/30/2025,11:52:54,257.93,432270,6,1,5,1,6,0,29,0,6,1,7,1,0.00,0.00,0.00,5.01,1,40,8,4095,0,0,432270
01/30/2025,11:52:54,457.93,432271,4,1,4,1,6,0,30,0,4,1,6,2,0.00,0.00,0.00,5.01,1,40,8,4095,0,0,432271
01/30/2025,11:52:54,657.93,432272,5,1,6,0,5,0,29,1,3,1,5,2,0.00,0.00,0.00,5.01,1,40,8,4095,0,0,432272
01/30/2025,11:52:54,857.93,432273,6,1,5,0,4,1,28,1,5,1,8,1,0.00,0.00,0.00,5.01,1,40,8,4095,0,0,432273
01/30/2025,11:52:55,57.93,432274,5,1,4,1,7,0,29,0,5,0,6,2,0.00,0.00,0.00,5.01,1,40,8,4095,0,0,432274
01/30/2025,11:52:55,257.93,432275,4,2,5,0,5,0,30,0,4,2,5,3,0.00,0.00,0.00,5.01,1,40,8,4095,0,0,432275
01/30/2025,11:52:55,457.93,432276,5,1,6,0,5,1,29,1,3,1,6,2,0.00,0.00,0.00,5.01,1,40,8,4095,0,0,432276
01/30/2025,11:52:55,657.93,432277,5,1,5,1,5,1,28,0,5,1,8,1,0.00,0.00,0.00,5.01,1,40,8,4095,0,0,432277
01/30/2025,11:52:55,857.93,432278,5,1,4,1,7,0,30,0,4,1,6,2,0.00,0.00,0.00,5.01,1,40,8,4095,0,0,432278
01/30/2025,11:52:56,57.93,432279,5,1,6,0,5,1,29,1,4,2,6,2,0.00,0.00,0.00,5.01,1,40,8,4095,0,0,432279
01/30/2025,11:52:56,257.93,432280,6,1,5,0,5,1,28,1,4,1,7,1,0.00,0.00,0.00,5.01,1,40,8,4095,0,0,432280
01/30/2025,11:52:56,457.93,432281,5,1,5,1,6,0,29,0,5,0,7,1,0.00,0.00,0.00,5.01,1,40,8,4095,0,0,432281
01/30/2025,11:52:56,657.93,432282,5,2,5,0,6,0,31,1,4,1,6,3,0.00,0.00,0.00,5.01,1,40,8,4095,0,0,432282
01/30/2025,11:52:56,857.93,432283,5,1,7,0,5,1,29,1,4,1,7,2,0.00,0.00,0.00,5.01,1,40,8,4095,0,0,432283
01/30/2025,11:52:57,57.93,432284,6,1,5,0,4,0,28,0,5,1,8,1,0.00,0.00,0.00,5.01,1,40,8,4095,0,0,432284
01/30/2025,11:52:57,257.93,432285,5,1,4,1,6,0,30,0,5,0,7,2,0.00,0.00,0.00,5.01,1,40,8,4095,0,0,432285
01/30/2025,11:52:57,457.93,432286,5,1,6,0,6,0,30,1,4,2,6,3,0.00,0.00,0.00,5.01,1,40,8,4095,0,0,432286
01/30/2025,11:52:57,657.93,432287,6,1,6,0,5,1,29,1,5,1,8,1,0.00,0.00,0.00,5.01,1,40,8,4095,0,0,432287
01/30/2025,11:52:57,857.93,432288,5,1,5,1,6,0,29,0,5,0,8,1,0.00,0.00,0.00,5.01,1,40,8,4095,0,0,432288
01/30/2025,11:52:58,57.93,432289,5,1,5,1,7,0,30,0,5,1,6,2,0.00,0.00,0.00,5.01,1,40,8,4095,0,0,432289
01/30/2025,11:52:58,257.93,432290,5,1,7,0,5,1,29,1,4,2,7,2,0.00,0.00,0.00,5.01,1,40,8,4095,0,0,432290
01/30/2025,11:52:58,457.93,432291,6,1,6,0,6,1,28,0,6,1,8,1,0.00,0.00,0.00,5.01,1,40,8,4095,0,0,432291
01/30/2025,11:52:58,657.93,432292,5,1,5,1,7,0,30,0,5,0,7,1,0.00,0.00,0.00,5.01,1,40,8,4095,0,0,432292
01/30/2025,11:52:58,857.93,432293,5,2,6,0,6,0,29,0,4,1,6,3,0.00,0.00,0.00,5.01,1,40,8,4095,0,0,432293
01/30/2025,11:52:59,57.93,432294,6,1,6,0,5,1,29,1,5,1,8,2,0.00,0.00,0.00,5.01,1,40,8,4095,0,0,432294
01/30/2025,11:52:59,257.93,432295,5,1,5,1,6,0,29,0,6,1,7,1,0.00,0.00,0.00,5.01,1,40,8,4095,0,0,432295
01/30/2025,11:52:59,457.93,432296,5,2,5,1,6,0,31,0,4,1,6,2,0.00,0.00,0.00,5.01,1,40,8,4095,0,0,432296
01/30/2025,11:52:59,657.93,432297,5,1,6,0,6,0,29,1,4,1,6,3,0.00,0.00,0.00,5.01,1,40,8,4095,0,0,432297
01/30/2025,11:52:59,857.93,432298,6,1,5,1,5,1,29,1,5,1,8,1,0.00,0.00,0.00,5.01,1,40,8,4095,0,0,432298
01/30/2025,11:53:00,57.93,432299,5,1,5,1,7,0,30,0,5,0,6,2,0.00,0.00,0.00,5.01,1,40,8,4095,0,0,432299
01/30/2025,11:53:00,257.93,432300,4,2,6,0,5,0,30,0,4,2,6,3,0.00,0.00,0.00,5.01,1,40,8,4095,0,0,432300
01/30/2025,11:53:00,457.93,432301,5,1,6,0,5,1,29,1,4,1,6,2,0.00,0.00,0.00,5.01,1,40,8,4095,0,0,432301
01/30/2025,11:53:00,657.93,432302,5,1,4,1,5,1,28,0,5,1,8,1,0.00,0.00,0.00,5.01,1,40,8,4095,0,0,432302
01/30/2025,11:53:00,857.93,432303,5,1,4,1,7,0,30,0,4,1,6,2,0.00,0.00,0.00,5.01,1,40,8,4095,0,0,432303
01/30/2025,11:53:01,57.93,432304,4,1,6,0,5,1,29,1,3,2,5,2,0.00,0.00,0.00,5.01,1,40,8,4095,0,0,432304
01/30/2025,11:53:01,257.93,432305,5,1,5,0,4,1,29,1,4,1,7,2,0.00,0.00,0.00,5.01,1,40,8,4095,0,0,432305
01/30/2025,11:53:01,457.93,432306,5,1,4,1,6,0,29,0,5,1,7,1,0.00,0.00,0.00,5.01,1,40,8,4095,0,0,432306
01/30/2025,11:53:01,657.93,432307,4,1,5,0,6,0,31,0,4,1,5,3,0.00,0.00,0.00,5.01,1,40,8,4095,0,0,432307
01/30/2025,11:53:01,857.93,432308,5,1,6,0,4,1,29,1,3,1,6,2,0.00,0.00,0.00,5.01,1,40,8,4095,0,0,432308
01/30/2025,11:53:02,57.93,432309,5,1,5,0,4,0,28,1,4,0,8,1,0.00,0.00,0.00,5.01,1,40,8,4095,0,0,432309
01/30/2025,11:53:02,257.93,432310,4,1,4,1,6,0,29,0,5,0,6,2,0.00,0.00,0.00,5.01,1,40,8,4095,0,0,432310
01/30/2025,11:53:02,457.93,432311,4,1,6,0,5,0,30,1,3,2,5,3,0.00,0.00,0.00,5.01,1,40,8,4095,0,0,432311
01/30/2025,11:53:02,657.93,432312,6,1,6,0,4,1,29,1,4,1,7,1,0.00,0.00,0.00,5.01,1,40,8,4095,0,0,432312
01/30/2025,11:53:02,857.93,432313,5,1,4,1,5,0,29,0,4,0,7,1,0.00,0.00,0.00,5.01,1,40,8,4095,0,0,432313
01/30/2025,11:53:03,57.93,432314,4,1,5,1,6,0,30,0,4,1,6,2,0.00,0.00,0.00,5.01,1,40,8,4095,0,0,432314
01/30/2025,11:53:03,257.93,432315,5,1,6,0,5,1,29,1,3,2,6,2,0.00,0.00,0.00,5.01,1,40,8,4095,0,0,432315
01/30/2025,11:53:03,457.93,432316,6,1,5,0,5,1,28,0,5,1,8,1,0.00,0.00,0.00,5.01,1,40,8,4095,0,0,432316
01/30/2025,11:53:03,657.93,432317,5,1,4,1,6,0,30,0,4,0,7,1,0.00,0.00,0.00,5.01,1,40,8,4095,0,0,432317
01/30/2025,11:53:03,857.93,432318,4,1,5,0,6,0,29,0,4,1,5,2,0.00,0.00,0.00,5.01,1,40,8,4095,0,0,432318
01/30/2025,11:53:04,57.93,432319,5,1,5,0,5,1,29,1,4,1,7,2,0.00,0.00,0.00,5.01,1,40,8,4095,0,0,432319
01/30/2025,11:53:04,257.93,432320,5,1,5,1,6,0,29,0,6,1,7,1,0.00,0.00,0.00,5.01,1,40,8,4095,0,0,432320
01/30/2025,11:53:04,457.93,432321,5,1,4,1,6,0,30,0,4,1,6,2,0.00,0.00,0.00,5.01,1,40,8,4095,0,0,432321
01/30/2025,11:53:04,657.93,432322,5,1,6,0,5,0,29,1,4,1,5,3,0.00,0.00,0.00,5.01,1,40,8,4095,0,0,432322
01/30/2025,11:53:04,857.93,432323,6,1,5,0,5,1,28,1,5,1,8,1,0.00,0.00,0.00,5.01,1,40,8,4095,0,0,432323
01/30/2025,11:53:05,57.93,432324,5,1,5,1,7,0,30,0,5,0,6,2,0.00,0.00,0.00,5.01,1,40,8,4095,0,0,432324
01/30/2025,11:53:05,257.93,432325,5,2,5,0,6,0,30,0,4,2,6,3,0.00,0.00,0.00,5.01,1,40,8,4095,0,0,432325
01/30/2025,11:53:05,457.93,432326,5,1,6,0,5,1,29,1,4,1,7,2,0.00,0.00,0.00,5.01,1,40,8,4095,0,0,432326
01/30/2025,11:53:05,657.93,432327,5,1,5,1,6,1,28,0,5,1,8,1,0.00,0.00,0.00,5.01,1,40,8,4095,0,0,432327
01/30/2025,11:53:05,857.93,432328,5,1,4,1,7,0,30,0,5,1,6,2,0.00,0.00,0.00,5.01,1,40,8,4095,0,0,432328
01/30/2025,11:53:06,57.93,432329,4,1,6,0,5,0,29,1,4,2,6,2,0.00,0.00,0.00,5.01,1,40,8,4095,0,0,432329
01/30/2025,11:53:06,257.93,432330,6,1,6,0,5,1,28,1,4,1,7,2,0.00,0.00,0.00,5.01,1,40,8,4095,0,0,432330
01/30/2025,11:53:06,457.93,432331,5,1,5,1,6,0,29,0,5,0,7,1,0.00,0.00,0.00,5.01,1,40,8,4095,0,0,432331
01/30/2025,11:53:06,657.93,432332,4,2,5,0,6,0,30,0,4,1,5,3,0.00,0.00,0.00,5.01,1,40,8,4095,0,0,432332
01/30/2025,11:53:06,857.93,432333,5,1,7,0,5,1,29,1,3,1,6,2,0.00,0.00,0.00,5.01,1,40,8,4095,0,0,432333
01/30/2025,11:53:07,57.93,432334,6,1,5,0,4,1,28,1,5,1,8,1,0.00,0.00,0.00,5.01,1,40,8,4095,0,0,432334
01/30/2025,11:53:07,257.93,432335,5,1,4,1,6,0,29,0,5,0,6,2,0.00,0.00,0.00,5.01,1,40,8,4095,0,0,432335
01/30/2025,11:53:07,457.93,432336,4,1,6,0,6,0,30,1,4,2,5,3,0.00,0.00,0.00,5.01,1,40,8,4095,0,0,432336
01/30/2025,11:53:07,657.93,432337,6,1,6,0,5,1,28,1,5,1,7,1,0.00,0.00,0.00,5.01,1,40,8,4095,0,0,432337
01/30/2025,11:53:07,857.93,432338,5,1,5,1,5,0,29,0,5,0,8,1,0.00,0.00,0.00,5.01,1,40,8,4095,0,0,432338
01/30/2025,11:53:08,57.93,432339,4,1,5,1,6,0,30,0,4,1,6,2,0.00,0.00,0.00,5.01,1,40,8,4095,0,0,432339
01/30/2025,11:53:08,257.93,432340,5,1,6,0,5,1,29,1,3,2,6,2,0.00,0.00,0.00,5.01,1,40,8,4095,0,0,432340
01/30/2025,11:53:08,457.93,432341,6,1,5,0,5,1,28,0,5,1,8,1,0.00,0.00,0.00,5.01,1,40,8,4095,0,0,432341
01/30/2025,11:53:08,657.93,432342,5,1,4,1,6,0,29,0,4,0,7,1,0.00,0.00,0.00,5.01,1,40,8,4095,0,0,432342
01/30/2025,11:53:08,857.93,432343,4,1,6,0,6,0,29,0,4,1,6,2,0.00,0.00,0.00,5.01,1,40,8,4095,0,0,432343
01/30/2025,11:53:09,57.93,432344,5,1,6,0,5,1,29,1,4,1,7,2,0.00,0.00,0.00,5.01,1,40,8,4095,0,0,432344
01/30/2025,11:53:09,257.93,432345,5,1,5,1,6,0,29,0,5,1,7,1,0.00,0.00,0.00,5.01,1,40,8,4095,0,0,432345
01/30/2025,11:53:09,457.93,432346,4,1,4,1,6,0,31,0,4,1,6,1,0.00,0.00,0.00,5.01,1,40,8,4095,0,0,432346
01/30/2025,11:53:09,657.93,432347,5,1,6,0,5,0,29,1,4,1,5,3,0.00,0.00,0.00,5.01,1,40,8,4095,0,0,432347
01/30/2025,11:53:09,857.93,432348,5,1,5,0,4,1,29,1,5,1,8,1,0.00,0.00,0.00,5.01,1,40,8,4095,0,0,432348
01/30/2025,11:53:10,57.93,432349,5,1,4,1,7,0,30,0,5,0,7,2,0.00,0.00,0.00,5.01,1,40,8,4095,0,0,432349
01/30/2025,11:53:10,257.93,432350,4,2,5,0,6,0,30,0,4,1,6,3,0.00,0.00,0.00,5.01,1,40,8,4095,0,0,432350
01/30/2025,11:53:10,457.93,432351,5,1,6,0,5,1,29,1,4,1,6,2,0.00,0.00,0.00,5.01,1,40,8,4095,0,0,432351
01/30/2025,11:53:10,657.93,432352,5,1,5,1,5,1,29,0,5,1,8,1,0.00,0.00,0.00,5.01,1,40,8,4095,0,0,432352
01/30/2025,11:53:10,857.93,432353,5,1,4,1,7,0,31,0,4,1,6,2,0.00,0.00,0.00,5.01,1,40,8,4095,0,0,432353
01/30/2025,11:53:11,57.93,432354,4,1,6,0,5,0,30,0,4,2,6,2,0.00,0.00,0.00,5.01,1,40,8,4095,0,0,432354
01/30/2025,11:53:11,257.93,432355,6,1,6,0,5,1,29,1,4,1,7,2,0.00,0.00,0.00,5.01,1,40,8,4095,0,0,432355
01/30/2025,11:53:11,457.93,432356,5,1,5,1,6,0,30,0,6,1,7,1,0.00,0.00,0.00,5.01,1,40,8,4095,0,0,432356
01/30/2025,11:53:11,657.93,432357,5,2,5,0,6,0,31,0,4,1,6,3,0.00,0.00,0.00,5.01,1,40,8,4095,0,0,432357
01/30/2025,11:53:11,857.93,432358,5,1,7,0,5,1,30,1,4,2,6,2,0.00,0.00,0.00,5.01,1,40,8,4095,0,0,432358
01/30/2025,11:53:12,57.93,432359,6,1,5,0,4,0,29,1,5,1,7,1,0.00,0.00,0.00,5.01,1,40,8,4095,0,0,432359
01/30/2025,11:53:12,257.93,432360,5,1,5,1,7,0,30,0,5,0,7,2,0.00,0.00,0.00,5.01,1,40,8,4095,0,0,432360
01/30/2025,11:53:12,457.93,432361,5,1,6,0,6,0,31,1,4,2,6,3,0.00,0.00,0.00,5.01,1,40,8,4095,0,0,432361
01/30/2025,11:53:12,657.93,432362,6,1,6,0,5,1,29,1,5,1,8,1,0.00,0.00,0.00,5.01,1,40,8,4095,0,0,432362
01/30/2025,11:53:12,857.93,432363,5,1,5,1,6,0,30,0,5,1,8,1,0.00,0.00,0.00,5.01,1,40,8,4095,0,0,432363
01/30/2025,11:53:13,57.93,432364,5,2,6,1,7,0,31,0,5,1,6,2,0.00,0.00,0.00,5.01,1,40,8,4095,0,0,432364
01/30/2025,11:53:13,257.93,432365,5,1,7,0,5,1,30,1,4,2,7,2,0.00,0.00,0.00,5.01,1,40,8,4095,0,0,432365
01/30/2025,11:53:13,457.93,432366,6,1,6,0,5,1,29,0,5,1,8,1,0.00,0.00,0.00,5.01,1,40,8,4095,0,0,432366
01/30/2025,11:53:13,657.93,432367,5,1,5,1,6,0,30,0,5,0,7,1,0.00,0.00,0.00,5.01,1,40,8,4095,0,0,432367
01/30/2025,11:53:13,857.93,432368,4,2,6,0,6,0,30,1,4,1,6,3,0.00,0.00,0.00,5.01,1,40,8,4095,0,0,432368
01/30/2025,11:53:14,57.93,432369,6,1,6,0,5,1,29,1,5,1,8,2,0.00,0.00,0.00,5.01,1,40,8,4095,0,0,432369
01/30/2025,11:53:14,257.93,432370,6,1,5,1,6,1,29,0,6,1,7,1,0.00,0.00,0.00,5.01,1,40,8,4095,0,0,432370
01/30/2025,11:53:14,457.93,432371,5,1,5,1,6,0,31,0,4,1,7,2,0.00,0.00,0.00,5.01,1,40,8,4095,0,0,432371
01/30/2025,11:53:14,657.93,432372,5,1,6,0,6,1,30,1,4,2,6,3,0.00,0.00,0.00,5.01,1,40,8,4095,0,0,432372
01/30/2025,11:53:14,857.93,432373,6,1,5,1,5,1,29,1,5,1,8,1,0.00,0.00,0.00,5.01,1,40,8,4095,0,0,432373
01/30/2025,11:53:15,57.93,432374,5,1,4,1,6,0,30,0,5,0,6,1,0.00,0.00,0.00,5.01,1,40,8,4095,0,0,432374
01/30/2025,11:53:15,257.93,432375,4,2,5,1,5,0,30,0,4,1,6,2,0.00,0.00,0.00,5.01,1,40,8,4095,0,0,432375
01/30/2025,11:53:15,457.93,432376,5,1,6,0,5,1,29,1,3,1,6,2,0.00,0.00,0.00,5.01,1,40,8,4095,0,0,432376
01/30/2025,11:53:15,657.93,432377,5,1,4,1,5,1,28,0,5,1,8,1,0.00,0.00,0.00,5.01,1,40,8,4095,0,0,432377
01/30/2025,11:53:15,857.93,432378,5,1,4,1,7,0,30,0,4,1,6,2,0.00,0.00,0.00,5.01,1,40,8,4095,0,0,432378
01/30/2025,11:53:16,57.93,432379,4,1,6,0,5,0,30,0,3,2,5,2,0.00,0.00,0.00,5.01,1,40,8,4095,0,0,432379
01/30/2025,11:53:16,257.93,432380,5,1,5,0,5,1,29,1,4,1,7,2,0.00,0.00,0.00,5.01,1,40,8,4095,0,0,432380
01/30/2025,11:53:16,457.93,432381,5,1,4,1,6,0,29,0,5,0,7,1,0.00,0.00,0.00,5.01,1,40,8,4095,0,0,432381
01/30/2025,11:53:16,657.93,432382,4,1,5,0,6,0,31,0,4,1,5,3,0.00,0.00,0.00,5.01,1,40,8,4095,0,0,432382
01/30/2025,11:53:16,857.93,432383,5,1,6,0,4,1,29,1,3,1,5,2,0.00,0.00,0.00,5.01,1,40,8,4095,0,0,432383
01/30/2025,11:53:17,57.93,432384,5,1,5,0,4,0,28,1,4,1,7,1,0.00,0.00,0.00,5.01,1,40,8,4095,0,0,432384
01/30/2025,11:53:17,257.93,432385,4,1,4,1,6,0,29,0,5,0,6,2,0.00,0.00,0.00,5.01,1,40,8,4095,0,0,432385
01/30/2025,11:53:17,457.93,432386,4,1,6,0,5,0,30,1,3,2,5,3,0.00,0.00,0.00,5.01,1,40,8,4095,0,0,432386
01/30/2025,11:53:17,657.93,432387,5,1,6,0,4,1,29,1,4,1,6,1,0.00,0.00,0.00,5.01,1,40,8,4095,0,0,432387
01/30/2025,11:53:17,857.93,432388,5,1,4,1,5,0,29,0,5,0,7,1,0.00,0.00,0.00,5.01,1,40,8,4095,0,0,432388
01/30/2025,11:53:18,57.93,432389,4,1,5,1,7,0,30,0,4,1,6,2,0.00,0.00,0.00,5.01,1,40,8,4095,0,0,432389
01/30/2025,11:53:18,257.93,432390,5,1,6,0,5,1,30,1,3,2,6,2,0.00,0.00,0.00,5.01,1,40,8,4095,0,0,432390
01/30/2025,11:53:18,457.93,432391,5,1,5,0,4,1,28,0,4,1,7,1,0.00,0.00,0.00,5.01,1,40,8,4095,0,0,432391
01/30/2025,11:53:18,657.93,432392,5,1,4,1,6,0,30,0,4,0,7,1,0.00,0.00,0.00,5.01,1,40,8,4095,0,0,432392
01/30/2025,11:53:18,857.93,432393,4,1,6,0,6,0,30,1,4,1,6,3,0.00,0.00,0.00,5.01,1,40,8,4095,0,0,432393
01/30/2025,11:53:19,57.93,432394,5,1,5,0,5,1,29,1,4,1,7,2,0.00,0.00,0.00,5.01,1,40,8,4095,0,0,432394
01/30/2025,11:53:19,257.93,432395,5,1,5,1,5,0,29,0,6,1,7,1,0.00,0.00,0.00,5.01,1,40,8,4095,0,0,432395
01/30/2025,11:53:19,457.93,432396,5,1,4,1,6,0,30,0,4,1,6,2,0.00,0.00,0.00,5.01,1,40,8,4095,0,0,432396
01/30/2025,11:53:19,657.93,432397,5,1,6,0,5,0,30,1,4,2,5,3,0.00,0.00,0.00,5.01,1,40,8,4095,0,0,432397
01/30/2025,11:53:19,857.93,432398,6,1,5,0,5,1,29,1,5,1,8,1,0.00,0.00,0.00,5.01,1,40,8,4095,0,0,432398
01/30/2025,11:53:20,57.93,432399,5,1,5,1,7,0,30,0,5,0,7,1,0.00,0.00,0.00,5.01,1,40,8,4095,0,0,432399
01/30/2025,11:53:20,257.93,432400,5,2,5,1,6,0,30,0,4,1,6,2,0.00,0.00,0.00,5.01,1,40,8,4095,0,0,432400
01/30/2025,11:53:20,457.93,432401,5,1,6,0,5,1,29,1,4,1,7,2,0.00,0.00,0.00,5.01,1,40,8,4095,0,0,432401
01/30/2025,11:53:20,657.93,432402,5,1,5,1,5,1,28,0,5,1,8,1,0.00,0.00,0.00,5.01,1,40,8,4095,0,0,432402
01/30/2025,11:53:20,857.93,432403,5,1,5,1,7,0,30,0,5,1,6,2,0.00,0.00,0.00,5.01,1,40,8,4095,0,0,432403
01/30/2025,11:53:21,57.93,432404,4,1,6,0,5,0,30,0,4,2,6,2,0.00,0.00,0.00,5.01,1,40,8,4095,0,0,432404
01/30/2025,11:53:21,257.93,432405,6,1,6,0,5,1,29,1,4,1,7,2,0.00,0.00,0.00,5.01,1,40,8,4095,0,0,432405
01/30/2025,11:53:21,457.93,432406,5,1,5,1,6,0,29,0,6,1,7,1,0.00,0.00,0.00,5.01,1,40,8,4095,0,0,432406
01/30/2025,11:53:21,657.93,432407,5,2,5,0,6,0,31,0,4,1,6,3,0.00,0.00,0.00,5.01,1,40,8,4095,0,0,432407
01/30/2025,11:53:21,857.93,432408,5,1,7,0,5,1,30,1,3,2,5,2,0.00,0.00,0.00,5.01,1,40,8,4095,0,0,432408
01/30/2025,11:53:22,57.93,432409,6,1,5,0,4,1,29,1,5,1,8,1,0.00,0.00,0.00,5.01,1,40,8,4095,0,0,432409
01/30/2025,11:53:22,257.93,432410,5,1,4,1,7,0,31,0,5,0,7,2,0.00,0.00,0.00,5.01,1,40,8,4095,0,0,432410
01/30/2025,11:53:22,457.93,432411,4,1,6,0,6,0,31,1,4,2,6,3,0.00,0.00,0.00,5.01,1,40,8,4095,0,0,432411
01/30/2025,11:53:22,657.93,432412,5,1,6,0,4,1,30,1,4,1,6,1,0.00,0.00,0.00,5.01,1,40,8,4095,0,0,432412
01/30/2025,11:53:22,857.93,432413,5,1,4,1,5,0,30,0,5,0,8,1,0.00,0.00,0.00,5.01,1,40,8,4095,0,0,432413
01/30/2025,11:53:23,57.93,432414,4,2,5,1,7,0,30,0,4,1,6,2,0.00,0.00,0.00,5.01,1,40,8,4095,0,0,432414
01/30/2025,11:53:23,257.93,432415,5,1,6,0,5,1,29,1,3,2,6,2,0.00,0.00,0.00,5.01,1,40,8,4095,0,0,432415
01/30/2025,11:53:23,457.93,432416,6,1,5,0,4,1,27,0,5,1,8,1,0.00,0.00,0.00,5.01,1,40,8,4095,0,0,432416
01/30/2025,11:53:23,657.93,432417,5,1,4,1,5,0,29,0,4,0,7,1,0.00,0.00,0.00,5.01,1,40,8,4095,0,0,432417
01/30/2025,11:53:23,857.93,432418,4,2,6,0,6,0,29,1,4,1,6,3,0.00,0.00,0.00,5.01,1,40,8,4095,0,0,432418
01/30/2025,11:53:24,57.93,432419,5,1,6,0,5,1,28,1,4,1,7,2,0.00,0.00,0.00,5.01,1,40,8,4095,0,0,432419
01/30/2025,11:53:24,257.93,432420,5,1,5,0,5,1,28,0,5,1,7,1,0.00,0.00,0.00,5.01,1,40,8,4095,0,0,432420
01/30/2025,11:53:24,457.93,432421,4,1,4,1,6,0,30,0,4,1,6,2,0.00,0.00,0.00,5.01,1,40,8,4095,0,0,432421
01/30/2025,11:53:24,657.93,432422,5,1,6,0,5,0,29,1,3,2,5,3,0.00,0.00,0.00,5.01,1,40,8,4095,0,0,432422
01/30/2025,11:53:24,857.93,432423,6,1,5,0,4,1,28,1,5,1,8,1,0.00,0.00,0.00,5.01,1,40,8,4095,0,0,432423
01/30/2025,11:53:25,57.93,432424,5,1,5,1,6,0,29,0,5,0,7,1,0.00,0.00,0.00,5.01,1,40,8,4095,0,0,432424
01/30/2025,11:53:25,257.93,432425,5,1,5,1,6,0,30,0,4,1,6,2,0.00,0.00,0.00,5.01,1,40,8,4095,0,0,432425
01/30/2025,11:53:25,457.93,432426,5,1,6,0,5,1,29,1,4,1,6,2,0.00,0.00,0.00,5.01,1,40,8,4095,0,0,432426
01/30/2025,11:53:25,657.93,432427,5,1,5,1,5,1,28,0,5,1,8,1,0.00,0.00,0.00,5.01,1,40,8,4095,0,0,432427
01/30/2025,11:53:25,857.93,432428,5,1,4,1,7,0,30,0,4,0,6,2,0.00,0.00,0.00,5.01,1,40,8,4095,0,0,432428
01/30/2025,11:53:26,57.93,432429,4,1,6,0,5,0,29,0,4,1,6,2,0.00,0.00,0.00,5.01,1,40,8,4095,0,0,432429
01/30/2025,11:53:26,257.93,432430,6,1,6,0,5,1,28,1,4,1,7,2,0.00,0.00,0.00,5.01,1,40,8,4095,0,0,432430
01/30/2025,11:53:26,457.93,432431,5,1,5,1,6,0,29,0,6,1,7,1,0.00,0.00,0.00,5.01,1,40,8,4095,0,0,432431
01/30/2025,11:53:26,657.93,432432,5,2,5,0,6,0,30,0,4,1,6,3,0.00,0.00,0.00,5.01,1,40,8,4095,0,0,432432
01/30/2025,11:53:26,857.93,432433,5,1,6,0,5,1,28,1,4,2,6,2,0.00,0.00,0.00,5.01,1,40,8,4095,0,0,432433
01/30/2025,11:53:27,57.93,432434,6,1,5,0,5,1,28,1,5,1,8,1,0.00,0.00,0.00,5.01,1,40,8,4095,0,0,432434
01/30/2025,11:53:27,257.93,432435,5,1,5,1,7,0,29,0,5,0,7,2,0.00,0.00,0.00,5.01,1,40,8,4095,0,0,432435
01/30/2025,11:53:27,457.93,432436,4,1,6,0,6,0,30,1,4,2,6,3,0.00,0.00,0.00,5.01,1,40,8,4095,0,0,432436
01/30/2025,11:53:27,657.93,432437,5,1,6,0,5,1,28,1,4,1,6,1,0.00,0.00,0.00,5.01,1,40,8,4095,0,0,432437
01/30/2025,11:53:27,857.93,432438,5,1,5,1,5,0,28,0,5,1,8,1,0.00,0.00,0.00,5.01,1,40,8,4095,0,0,432438
01/30/2025,11:53:28,57.93,432439,4,2,5,1,7,0,28,0,4,1,6,2,0.00,0.00,0.00,5.01,1,40,8,4095,0,0,432439
01/30/2025,11:53:28,257.93,432440,5,1,6,0,5,1,27,1,3,2,5,2,0.00,0.00,0.00,5.01,1,40,8,4095,0,0,432440
01/30/2025,11:53:28,457.93,432441,6,1,5,0,4,1,26,0,4,1,7,1,0.00,0.00,0.00,5.01,1,40,8,4095,0,0,432441
01/30/2025,11:53:28,657.93,432442,5,1,4,1,6,0,27,0,4,0,7,1,0.00,0.00,0.00,5.01,1,40,8,4095,0,0,432442
01/30/2025,11:53:28,857.93,432443,4,2,6,0,6,0,27,1,4,1,5,3,0.00,0.00,0.00,5.01,1,40,8,4095,0,0,432443
01/30/2025,11:53:29,57.93,432444,5,1,5,0,4,1,26,1,4,1,7,2,0.00,0.00,0.00,5.01,1,40,8,4095,0,0,432444
01/30/2025,11:53:29,257.93,432445,5,1,5,0,5,1,25,0,5,1,7,1,0.00,0.00,0.00,5.01,1,40,8,4095,0,0,432445
01/30/2025,11:53:29,457.93,432446,5,1,4,1,6,0,27,0,4,1,6,2,0.00,0.00,0.00,5.01,1,40,8,4095,0,0,432446
01/30/2025,11:53:29,657.93,432447,5,1,6,0,6,1,26,1,4,2,5,3,0.00,0.00,0.00,5.01,1,40,8,4095,0,0,432447
01/30/2025,11:53:29,857.93,432448,6,1,5,0,5,1,26,1,5,1,8,1,0.00,0.00,0.00,5.01,1,40,8,4095,0,0,432448
01/30/2025,11:53:30,57.93,432449,5,1,5,1,6,0,26,0,5,0,6,1,0.00,0.00,0.00,5.01,1,40,8,4095,0,0,432449
01/30/2025,11:53:30,257.93,432450,4,1,5,1,5,0,27,0,4,1,6,2,0.00,0.00,0.00,5.01,1,40,8,4095,0,0,432450
01/30/2025,11:53:30,457.93,432451,5,1,6,0,5,1,26,1,3,1,6,2,0.00,0.00,0.00,5.01,1,40,8,4095,0,0,432451
01/30/2025,11:53:30,657.93,432452,5,1,4,1,5,1,25,1,5,1,8,1,0.00,0.00,0.00,5.01,1,40,8,4095,0,0,432452
01/30/2025,11:53:30,857.93,432453,4,1,4,1,6,0,27,0,4,0,5,2,0.00,0.00,0.00,5.01,1,40,8,4095,0,0,432453
01/30/2025,11:53:31,57.93,432454,4,1,5,0,4,0,27,0,3,1,5,2,0.00,0.00,0.00,5.01,1,40,8,4095,0,0,432454
01/30/2025,11:53:31,257.93,432455,5,1,5,0,4,1,26,1,4,1,6,2,0.00,0.00,0.00,5.01,1,40,8,4095,0,0,432455
01/30/2025,11:53:31,457.93,432456,4,1,4,1,5,0,26,0,5,1,6,1,0.00,0.00,0.00,5.01,1,40,8,4095,0,0,432456
01/30/2025,11:53:31,657.93,432457,4,1,3,0,5,0,28,0,4,1,5,3,0.00,0.00,0.00,5.01,1,40,8,4095,0,0,432457
01/30/2025,11:53:31,857.93,432458,4,1,5,0,4,1,27,1,3,2,4,2,0.00,0.00,0.00,5.01,1,40,8,4095,0,0,432458
01/30/2025,11:53:32,57.93,432459,5,1,4,0,4,1,26,1,4,1,7,1,0.00,0.00,0.00,5.01,1,40,8,4095,0,0,432459
01/30/2025,11:53:32,257.93,432460,4,1,3,1,6,0,27,0,4,0,6,2,0.00,0.00,0.00,5.01,1,40,8,4095,0,0,432460
01/30/2025,11:53:32,457.93,432461,4,1,5,0,5,0,28,0,3,2,4,3,0.00,0.00,0.00,5.01,1,40,8,4095,0,0,432461
01/30/2025,11:53:32,657.93,432462,5,1,5,0,3,1,26,1,3,1,5,1,0.00,0.00,0.00,5.01,1,40,8,4095,0,0,432462
01/30/2025,11:53:32,857.93,432463,5,1,4,1,4,0,27,0,4,0,7,1,0.00,0.00,0.00,5.01,1,40,8,4095,0,0,432463
01/30/2025,11:53:33,57.93,432464,4,1,4,1,6,0,28,0,4,1,5,2,0.00,0.00,0.00,5.01,1,40,8,4095,0,0,432464
01/30/2025,11:53:33,257.93,432465,3,1,5,0,4,1,27,1,3,2,4,2,0.00,0.00,0.00,5.01,1,40,8,4095,0,0,432465
01/30/2025,11:53:33,457.93,432466,5,1,5,0,3,1,26,0,4,1,6,1,0.00,0.00,0.00,5.01,1,40,8,4095,0,0,432466
01/30/2025,11:53:33,657.93,432467,4,1,4,1,5,0,27,0,4,0,6,1,0.00,0.00,0.00,5.01,1,40,8,4095,0,0,432467
01/30/2025,11:53:33,857.93,432468,4,2,5,0,5,0,27,0,3,1,4,3,0.00,0.00,0.00,5.01,1,40,8,4095,0,0,432468
01/30/2025,11:53:34,57.93,432469,5,1,5,0,4,1,27,1,3,1,6,2,0.00,0.00,0.00,5.01,1,40,8,4095,0,0,432469
01/30/2025,11:53:34,257.93,432470,5,1,4,0,4,1,26,0,4,1,6,1,0.00,0.00,0.00,5.01,1,40,8,4095,0,0,432470
01/30/2025,11:53:34,457.93,432471,4,1,3,1,5,0,28,0,3,1,5,2,0.00,0.00,0.00,5.01,1,40,8,4095,0,0,432471
01/30/2025,11:53:34,657.93,432472,4,1,5,0,4,0,28,1,3,2,4,3,0.00,0.00,0.00,5.01,1,40,8,4095,0,0,432472
01/30/2025,11:53:34,857.93,432473,5,1,4,0,3,1,27,1,4,1,7,1,0.00,0.00,0.00,5.01,1,40,8,4095,0,0,432473
01/30/2025,11:53:35,57.93,432474,4,1,4,1,5,0,28,0,4,0,5,1,0.00,0.00,0.00,5.01,1,40,8,4095,0,0,432474
01/30/2025,11:53:35,257.93,432475,4,1,4,1,5,0,30,0,3,1,5,2,0.00,0.00,0.00,5.01,1,40,8,4095,0,0,432475
01/30/2025,11:53:35,457.93,432476,5,1,5,0,4,1,30,1,3,1,5,2,0.00,0.00,0.00,5.01,1,40,8,4095,0,0,432476
01/30/2025,11:53:35,657.93,432477,4,0,4,1,4,1,32,0,5,1,7,1,0.00,0.00,0.00,5.01,1,40,8,4095,0,0,432477
01/30/2025,11:53:35,857.93,432478,4,1,4,1,6,0,36,0,4,0,5,1,0.00,0.00,0.00,5.01,1,40,8,4095,0,0,432478
01/30/2025,11:53:36,57.93,432479,4,1,5,0,4,0,40,0,3,1,4,2,0.00,0.00,0.00,5.01,1,40,8,4095,0,0,432479
01/30/2025,11:53:36,257.93,432480,5,1,5,0,4,1,43,1,4,1,6,2,0.00,0.00,0.00,5.01,1,40,8,4095,0,0,432480
01/30/2025,11:53:36,457.93,432481,4,1,4,1,5,0,45,0,5,1,6,1,0.00,0.00,0.00,5.01,1,40,8,4095,0,0,432481
01/30/2025,11:53:36,657.93,432482,4,1,3,0,5,0,47,0,4,1,5,2,0.00,0.00,0.00,5.01,1,40,8,4095,0,0,432482
01/30/2025,11:53:36,857.93,432483,4,1,5,0,4,1,45,1,3,2,4,2,0.00,0.00,0.00,5.01,1,40,8,4095,0,0,432483
01/30/2025,11:53:37,57.93,432484,5,1,4,0,4,1,44,1,4,1,7,1,0.00,0.00,0.00,5.01,1,40,8,4095,0,0,432484
01/30/2025,11:53:37,257.93,432485,4,1,4,1,6,0,45,0,4,0,6,2,0.00,0.00,0.00,5.01,1,40,8,4095,0,0,432485
01/30/2025,11:53:37,457.93,432486,4,1,5,0,5,0,47,0,3,2,4,3,0.00,0.00,0.00,5.01,1,40,8,4095,0,0,432486
01/30/2025,11:53:37,657.93,432487,5,1,6,0,4,1,45,1,4,1,5,1,0.00,0.00,0.00,5.01,1,40,8,4095,0,0,432487
01/30/2025,11:53:37,857.93,432488,5,1,4,1,5,0,46,0,5,0,7,1,0.00,0.00,0.00,5.01,1,40,8,4095,0,0,432488
01/30/2025,11:53:38,57.93,432489,4,1,4,1,6,0,47,0,4,1,5,2,0.00,0.00,0.00,5.01,1,40,8,4095,0,0,432489
01/30/2025,11:53:38,257.93,432490,4,1,6,0,4,0,48,1,3,2,4,2,0.00,0.00,0.00,5.01,1,40,8,4095,0,0,432490
01/30/2025,11:53:38,457.93,432491,5,1,5,0,4,1,47,0,4,1,6,1,0.00,0.00,0.00,5.01,1,40,8,4095,0,0,432491
01/30/2025,11:53:38,657.93,432492,4,1,4,1,5,0,49,0,4,0,6,1,0.00,0.00,0.00,5.01,1,40,8,4095,0,0,432492
01/30/2025,11:53:38,857.93,432493,4,2,5,0,5,0,50,0,4,1,5,3,0.00,0.00,0.00,5.01,1,40,8,4095,0,0,432493
01/30/2025,11:53:39,57.93,432494,5,1,5,0,4,1,49,1,3,1,6,2,0.00,0.00,0.00,5.01,1,40,8,4095,0,0,432494
01/30/2025,11:53:39,257.93,432495,5,1,4,0,5,1,47,0,5,1,7,1,0.00,0.00,0.00,5.01,1,40,8,4095,0,0,432495
01/30/2025,11:53:39,457.93,432496,4,1,4,1,6,0,48,0,4,1,6,2,0.00,0.00,0.00,5.01,1,40,8,4095,0,0,432496
01/30/2025,11:53:39,657.93,432497,4,1,6,0,5,0,47,1,3,2,4,3,0.00,0.00,0.00,5.01,1,40,8,4095,0,0,432497
01/30/2025,11:53:39,857.93,432498,5,1,5,0,4,1,46,1,4,1,7,1,0.00,0.00,0.00,5.01,1,40,8,4095,0,0,432498
01/30/2025,11:53:40,57.93,432499,5,1,4,1,5,0,46,0,5,0,6,1,0.00,0.00,0.00,5.01,1,40,8,4095,0,0,432499
01/30/2025,11:53:40,257.93,432500,4,1,4,1,5,0,48,0,3,1,5,2,0.00,0.00,0.00,5.01,1,40,8,4095,0,0,432500
01/30/2025,11:53:40,457.93,432501,5,1,6,0,4,1,47,1,3,1,5,2,0.00,0.00,0.00,5.01,1,40,8,4095,0,0,432501
01/30/2025,11:53:40,657.93,432502,5,1,4,1,4,1,46,0,5,1,7,1,0.00,0.00,0.00,5.01,1,40,8,4095,0,0,432502
01/30/2025,11:53:40,857.93,432503,4,1,4,1,6,0,47,0,4,0,5,1,0.00,0.00,0.00,5.01,1,40,8,4095,0,0,432503
01/30/2025,11:53:41,57.93,432504,4,1,5,0,5,0,48,0,3,1,5,2,0.00,0.00,0.00,5.01,1,40,8,4095,0,0,432504
01/30/2025,11:53:41,257.93,432505,5,1,5,0,4,1,47,1,4,1,6,2,0.00,0.00,0.00,5.01,1,40,8,4095,0,0,432505
01/30/2025,11:53:41,457.93,432506,5,1,4,1,5,0,47,0,5,0,7,1,0.00,0.00,0.00,5.01,1,40,8,4095,0,0,432506
01/30/2025,11:53:41,657.93,432507,4,1,4,0,6,0,49,0,4,1,5,2,0.00,0.00,0.00,5.01,1,40,8,4095,0,0,432507
01/30/2025,11:53:41,857.93,432508,4,1,5,0,4,1,48,1,3,2,4,2,0.00,0.00,0.00,5.01,1,40,8,4095,0,0,432508
01/30/2025,11:53:42,57.93,432509,5,1,5,0,3,1,46,1,4,1,7,1,0.00,0.00,0.00,5.01,1,40,8,4095,0,0,432509
01/30/2025,11:53:42,257.93,432510,4,1,4,1,6,0,47,0,4,0,6,1,0.00,0.00,0.00,5.01,1,40,8,4095,0,0,432510
01/30/2025,11:53:42,457.93,432511,4,1,4,0,5,0,49,0,3,1,5,3,0.00,0.00,0.00,5.01,1,40,8,4095,0,0,432511
01/30/2025,11:53:42,657.93,432512,5,1,5,0,4,1,47,1,4,1,5,1,0.00,0.00,0.00,5.01,1,40,8,4095,0,0,432512
01/30/2025,11:53:42,857.93,432513,5,0,4,1,5,0,47,0,5,0,7,1,0.00,0.00,0.00,5.01,1,40,8,4095,0,0,432513
01/30/2025,11:53:43,57.93,432514,4,1,4,1,6,0,48,0,4,1,5,2,0.00,0.00,0.00,5.01,1,40,8,4095,0,0,432514
01/30/2025,11:53:43,257.93,432515,4,1,5,0,4,0,48,1,3,2,4,2,0.00,0.00,0.00,5.01,1,40,8,4095,0,0,432515
01/30/2025,11:53:43,457.93,432516,5,1,5,0,4,1,47,0,4,1,6,1,0.00,0.00,0.00,5.01,1,40,8,4095,0,0,432516
01/30/2025,11:53:43,657.93,432517,4,1,4,1,5,0,48,0,4,0,6,1,0.00,0.00,0.00,5.01,1,40,8,4095,0,0,432517
01/30/2025,11:53:43,857.93,432518,4,2,5,0,5,0,48,0,3,1,5,3,0.00,0.00,0.00,5.01,1,40,8,4095,0,0,432518
01/30/2025,11:53:44,57.93,432519,4,1,5,0,4,1,47,1,3,1,5,2,0.00,0.00,0.00,5.01,1,40,8,4095,0,0,432519
01/30/2025,11:53:44,257.93,432520,5,1,4,0,5,1,47,0,4,1,6,1,0.00,0.00,0.00,5.01,1,40,8,4095,0,0,432520
01/30/2025,11:53:44,457.93,432521,4,1,4,1,6,0,49,0,4,1,5,2,0.00,0.00,0.00,5.01,1,40,8,4095,0,0,432521
01/30/2025,11:53:44,657.93,432522,4,1,6,0,5,0,49,1,3,2,4,3,0.00,0.00,0.00,5.01,1,40,8,4095,0,0,432522
01/30/2025,11:53:44,857.93,432523,5,1,5,0,4,1,48,1,4,1,7,1,0.00,0.00,0.00,5.01,1,40,8,4095,0,0,432523
01/30/2025,11:53:45,57.93,432524,5,1,4,1,5,0,48,0,5,0,6,1,0.00,0.00,0.00,5.01,1,40,8,4095,0,0,432524
01/30/2025,11:53:45,257.93,432525,4,1,4,1,5,0,49,0,4,1,5,2,0.00,0.00,0.00,5.01,1,40,8,4095,0,0,432525
01/30/2025,11:53:45,457.93,432526,5,1,6,0,4,1,47,1,3,1,5,2,0.00,0.00,0.00,5.01,1,40,8,4095,0,0,432526
01/30/2025,11:53:45,657.93,432527,5,1,4,0,4,1,46,0,5,1,7,1,0.00,0.00,0.00,5.01,1,40,8,4095,0,0,432527
01/30/2025,11:53:45,857.93,432528,4,1,4,1,6,0,47,0,4,0,5,2,0.00,0.00,0.00,5.01,1,40,8,4095,0,0,432528
01/30/2025,11:53:46,57.93,432529,4,1,5,0,5,0,48,0,3,2,5,2,0.00,0.00,0.00,5.01,1,40,8,4095,0,0,432529
01/30/2025,11:53:46,257.93,432530,6,1,5,0,4,1,46,1,4,1,7,2,0.00,0.00,0.00,5.01,1,40,8,4095,0,0,432530
01/30/2025,11:53:46,457.93,432531,5,1,4,1,5,0,45,0,5,1,7,1,0.00,0.00,0.00,5.01,1,40,8,4095,0,0,432531
01/30/2025,11:53:46,657.93,432532,4,1,4,0,6,0,47,0,4,1,5,2,0.00,0.00,0.00,5.01,1,40,8,4095,0,0,432532
01/30/2025,11:53:46,857.93,432533,5,1,6,0,4,1,46,1,3,2,5,2,0.00,0.00,0.00,5.01,1,40,8,4095,0,0,432533
01/30/2025,11:53:47,57.93,432534,6,1,5,0,4,1,44,1,5,1,7,1,0.00,0.00,0.00,5.01,1,40,8,4095,0,0,432534
01/30/2025,11:53:47,257.93,432535,4,1,4,1,6,0,44,0,5,0,6,1,0.00,0.00,0.00,5.01,1,40,8,4095,0,0,432535
01/30/2025,11:53:47,457.93,432536,4,1,5,0,5,0,44,0,4,1,5,3,0.00,0.00,0.00,5.01,1,40,8,4095,0,0,432536
01/30/2025,11:53:47,657.93,432537,5,1,6,0,4,1,42,1,4,1,6,1,0.00,0.00,0.00,5.01,1,40,8,4095,0,0,432537
01/30/2025,11:53:47,857.93,432538,5,1,4,1,5,0,42,0,5,0,8,1,0.00,0.00,0.00,5.01,1,40,8,4095,0,0,432538
01/30/2025,11:53:48,57.93,432539,4,2,4,1,7,0,42,0,4,1,6,2,0.00,0.00,0.00,5.01,1,40,8,4095,0,0,432539
01/30/2025,11:53:48,257.93,432540,4,1,5,0,5,0,42,1,3,2,5,2,0.00,0.00,0.00,5.01,1,40,8,4095,0,0,432540
01/30/2025,11:53:48,457.93,432541,5,1,5,0,4,1,40,1,4,1,6,1,0.00,0.00,0.00,5.01,1,40,8,4095,0,0,432541
01/30/2025,11:53:48,657.93,432542,5,1,4,1,6,0,40,0,4,0,7,1,0.00,0.00,0.00,5.01,1,40,8,4095,0,0,432542
01/30/2025,11:53:48,857.93,432543,4,2,5,0,6,0,38,0,4,1,5,3,0.00,0.00,0.00,5.01,1,40,8,4095,0,0,432543
01/30/2025,11:53:49,57.93,432544,4,1,5,0,4,1,36,1,3,1,5,2,0.00,0.00,0.00,5.01,1,40,8,4095,0,0,432544
01/30/2025,11:53:49,257.93,432545,5,1,5,0,5,1,33,0,5,1,7,1,0.00,0.00,0.00,5.01,1,40,8,4095,0,0,432545
01/30/2025,11:53:49,457.93,432546,4,1,4,1,6,0,34,0,4,1,6,2,0.00,0.00,0.00,5.01,1,40,8,4095,0,0,432546
01/30/2025,11:53:49,657.93,432547,4,1,6,0,5,0,32,1,3,2,5,3,0.00,0.00,0.00,5.01,1,40,8,4095,0,0,432547
01/30/2025,11:53:49,857.93,432548,5,1,5,0,4,1,30,1,4,1,6,1,0.00,0.00,0.00,5.01,1,40,8,4095,0,0,432548
01/30/2025,11:53:50,57.93,432549,5,1,4,1,5,0,30,0,5,0,6,1,0.00,0.00,0.00,5.01,1,40,8,4095,0,0,432549
01/30/2025,11:53:50,257.93,432550,4,1,5,1,5,0,31,0,3,1,5,2,0.00,0.00,0.00,5.01,1,40,8,4095,0,0,432550
01/30/2025,11:53:50,457.93,432551,5,1,6,0,4,1,29,1,3,1,6,2,0.00,0.00,0.00,5.01,1,40,8,4095,0,0,432551
01/30/2025,11:53:50,657.93,432552,5,1,4,0,4,1,28,1,5,1,7,1,0.00,0.00,0.00,5.01,1,40,8,4095,0,0,432552
01/30/2025,11:53:50,857.93,432553,4,1,4,1,5,0,30,0,4,0,5,2,0.00,0.00,0.00,5.01,1,40,8,4095,0,0,432553
01/30/2025,11:53:51,57.93,432554,4,1,5,0,4,0,30,0,3,2,5,3,0.00,0.00,0.00,5.01,1,40,8,4095,0,0,432554
01/30/2025,11:53:51,257.93,432555,5,1,5,0,4,1,28,1,4,1,6,2,0.00,0.00,0.00,5.01,1,40,8,4095,0,0,432555
01/30/2025,11:53:51,457.93,432556,4,0,4,1,5,1,28,0,5,1,6,1,0.00,0.00,0.00,5.01,1,40,8,4095,0,0,432556
01/30/2025,11:53:51,657.93,432557,4,1,3,0,5,0,30,0,4,1,4,2,0.00,0.00,0.00,5.01,1,40,8,4095,0,0,432557
01/30/2025,11:53:51,857.93,432558,4,1,5,0,4,1,29,1,3,2,4,2,0.00,0.00,0.00,5.01,1,40,8,4095,0,0,432558
01/30/2025,11:53:52,57.93,432559,5,1,4,0,3,1,27,1,4,1,7,1,0.00,0.00,0.00,5.01,1,40,8,4095,0,0,432559
01/30/2025,11:53:52,257.93,432560,4,1,3,1,6,0,28,0,4,0,5,1,0.00,0.00,0.00,5.01,1,40,8,4095,0,0,432560
01/30/2025,11:53:52,457.93,432561,4,1,4,0,5,0,29,0,3,1,4,2,0.00,0.00,0.00,5.01,1,40,8,4095,0,0,432561
01/30/2025,11:53:52,657.93,432562,5,1,5,0,3,1,28,1,3,1,5,1,0.00,0.00,0.00,5.01,1,40,8,4095,0,0,432562
01/30/2025,11:53:52,857.93,432563,4,0,4,1,4,0,28,0,4,0,7,1,0.00,0.00,0.00,5.01,1,40,8,4095,0,0,432563
01/30/2025,11:53:53,57.93,432564,4,1,3,1,6,0,29,0,4,0,5,2,0.00,0.00,0.00,5.01,1,40,8,4095,0,0,432564
01/30/2025,11:53:53,257.93,432565,3,1,5,0,4,0,29,1,3,2,4,2,0.00,0.00,0.00,5.01,1,40,8,4095,0,0,432565
01/30/2025,11:53:53,457.93,432566,5,1,5,0,3,1,27,1,4,1,6,1,0.00,0.00,0.00,5.01,1,40,8,4095,0,0,432566
01/30/2025,11:53:53,657.93,432567,4,1,4,1,5,0,28,0,4,0,6,1,0.00,0.00,0.00,5.01,1,40,8,4095,0,0,432567
01/30/2025,11:53:53,857.93,432568,3,1,4,0,5,0,28,0,3,1,4,3,0.00,0.00,0.00,5.01,1,40,8,4095,0,0,432568
01/30/2025,11:53:54,57.93,432569,4,1,5,0,4,1,28,1,3,1,5,2,0.00,0.00,0.00,5.01,1,40,8,4095,0,0,432569
01/30/2025,11:53:54,257.93,432570,5,1,4,0,4,1,27,0,4,1,6,1,0.00,0.00,0.00,5.01,1,40,8,4095,0,0,432570
01/30/2025,11:53:54,457.93,432571,4,1,3,1,6,0,29,0,4,1,5,2,0.00,0.00,0.00,5.01,1,40,8,4095,0,0,432571
01/30/2025,11:53:54,657.93,432572,4,1,5,0,5,0,28,1,3,2,4,3,0.00,0.00,0.00,5.01,1,40,8,4095,0,0,432572
01/30/2025,11:53:54,857.93,432573,4,1,4,0,4,1,27,1,3,1,6,1,0.00,0.00,0.00,5.01,1,40,8,4095,0,0,432573
01/30/2025,11:53:55,57.93,432574,4,1,4,1,5,0,28,0,5,0,5,1,0.00,0.00,0.00,5.01,1,40,8,4095,0,0,432574
01/30/2025,11:53:55,257.93,432575,4,1,4,1,5,0,29,0,3,1,5,2,0.00,0.00,0.00,5.01,1,40,8,4095,0,0,432575
